[2026-08-19 12:30:05] QAT run 'week8_frozen_qat0'  device=3  epochs=0
[2026-08-19 12:30:05] scratch (churn):  /tmp/zcemml1_qat
[2026-08-19 12:30:05] durable (final):  experiments/week8_frozen_qat/qat0
[2026-08-19 12:30:05] NFS quota free: 4067 MB   /tmp free: 9092 MB
============================================================
QAT fine-tune (smoke form)  run=week8_frozen_qat0  epochs=0
============================================================
Model:    /home/zcemml1/medtronic_qat/Medtronics-UCL-QAT/runs_week8/week8_frozen_head/weights/best.pt
Data:     /home/zcemml1/medtronic_qat_data/datasets/sanoscience_yolo_full_nonexpert_stereo/sanoscience_yolo.yaml
Device:   3 (single-GPU, matching V1)
Project:  /tmp/zcemml1_qat (local scratch -- churn stays off the NFS quota)
Warm-start: /home/zcemml1/medtronic_qat_data/datasets/sanoscience_yolo_full_nonexpert_stereo/images/train (128 train frames, seed 42)

[QAT] amp=False (deviation from V1 -- see docs/06)
Ultralytics 8.4.90 🚀 Python-3.11.13 torch-2.7.0+cu128 CUDA:0 (NVIDIA A100-SXM4-80GB, 81153MiB)
[34m[1mengine/trainer: [0magnostic_nms=False, amp=False, angle=1.0, augment=False, auto_augment=randaugment, batch=16, bgr=0.0, box=7.5, cache=False, cfg=None, classes=None, close_mosaic=10, cls=0.5, cls_pw=0.0, compile=False, conf=None, copy_paste=0.0, copy_paste_mode=flip, cos_lr=False, cutmix=0.0, data=/home/zcemml1/medtronic_qat_data/datasets/sanoscience_yolo_full_nonexpert_stereo/sanoscience_yolo.yaml, degrees=0.0, deterministic=True, device=0, dfl=1.5, dis=6.0, distill_model=None, dnn=False, dropout=0.0, dynamic=False, embed=None, end2end=None, epochs=0, erasing=0.4, exist_ok=True, fliplr=0.5, flipud=0.0, format=torchscript, fraction=1.0, freeze=None, hsv_h=0.015, hsv_s=0.7, hsv_v=0.4, imgsz=640, iou=0.7, keras=False, kobj=1.0, line_width=None, lr0=0.001, lrf=0.01, mask_ratio=4, max_det=300, mixup=0.0, mode=train, model=/home/zcemml1/medtronic_qat/Medtronics-UCL-QAT/runs_week8/week8_frozen_head/weights/best.pt, momentum=0.937, mosaic=1.0, multi_scale=0.0, name=week8_frozen_qat0, nbs=64, nms=False, opset=None, optimize=False, optimizer=auto, overlap_mask=True, patience=0, perspective=0.0, plots=False, pose=12.0, pretrained=True, profile=False, project=/tmp/zcemml1_qat, quantize=None, rect=False, resume=False, retina_masks=False, rle=1.0, save=False, save_conf=False, save_crop=False, save_dir=/tmp/zcemml1_qat/week8_frozen_qat0, save_frames=False, save_json=False, save_period=-1, save_txt=False, scale=0.5, seed=0, shear=0.0, show=False, show_boxes=True, show_conf=True, show_labels=True, simplify=True, single_cls=False, source=None, split=val, stream_buffer=False, task=detect, time=None, tracker=tracktrack.yaml, translate=0.1, val=True, verbose=True, vid_stride=1, visualize=False, warmup_bias_lr=0.1, warmup_epochs=3.0, warmup_momentum=0.8, weight_decay=0.0005, workers=4, workspace=None

                   from  n    params  module                                       arguments                     
  0                  -1  1       464  ultralytics.nn.modules.conv.Conv             [3, 16, 3, 2]                 
  1                  -1  1      4672  ultralytics.nn.modules.conv.Conv             [16, 32, 3, 2]                
  2                  -1  1      6640  ultralytics.nn.modules.block.C3k2            [32, 64, 1, False, 0.25]      
  3                  -1  1     36992  ultralytics.nn.modules.conv.Conv             [64, 64, 3, 2]                
  4                  -1  1     26080  ultralytics.nn.modules.block.C3k2            [64, 128, 1, False, 0.25]     
  5                  -1  1    147712  ultralytics.nn.modules.conv.Conv             [128, 128, 3, 2]              
  6                  -1  1     87040  ultralytics.nn.modules.block.C3k2            [128, 128, 1, True]           
  7                  -1  1    295424  ultralytics.nn.modules.conv.Conv             [128, 256, 3, 2]              
  8                  -1  1    346112  ultralytics.nn.modules.block.C3k2            [256, 256, 1, True]           
  9                  -1  1    164608  ultralytics.nn.modules.block.SPPF            [256, 256, 5, 3, True]        
 10                  -1  1    249728  ultralytics.nn.modules.block.C2PSA           [256, 256, 1]                 
 11                  -1  1         0  torch.nn.modules.upsampling.Upsample         [None, 2, 'nearest']          
 12             [-1, 6]  1         0  ultralytics.nn.modules.conv.Concat           [1]                           
 13                  -1  1    119808  ultralytics.nn.modules.block.C3k2            [384, 128, 1, True]           
 14                  -1  1         0  torch.nn.modules.upsampling.Upsample         [None, 2, 'nearest']          
 15             [-1, 4]  1         0  ultralytics.nn.modules.conv.Concat           [1]                           
 16                  -1  1     34304  ultralytics.nn.modules.block.C3k2            [256, 64, 1, True]            
 17                  -1  1     36992  ultralytics.nn.modules.conv.Conv             [64, 64, 3, 2]                
 18            [-1, 13]  1         0  ultralytics.nn.modules.conv.Concat           [1]                           
 19                  -1  1     95232  ultralytics.nn.modules.block.C3k2            [192, 128, 1, True]           
 20                  -1  1    147712  ultralytics.nn.modules.conv.Conv             [128, 128, 3, 2]              
 21            [-1, 10]  1         0  ultralytics.nn.modules.conv.Concat           [1]                           
 22                  -1  1    463104  ultralytics.nn.modules.block.C3k2            [384, 256, 1, True, 0.5, True]
 23        [16, 19, 22]  1    241566  ultralytics.nn.modules.head.Detect           [1, 1, True, [64, 128, 256]]  
YOLO26n summary: 260 layers, 2,504,190 parameters, 2,504,190 gradients, 5.8 GFLOPs

Transferred 708/708 items from pretrained weights

[QAT] warm-starting quantiser ranges from 128 train frames across 128 episodes (seed 42)
[QAT] quantising BEFORE ModelEMA (get_model :292 vs ModelEMA :373)
[QAT] knobs: (config defaults)  CALIB_METHOD=max
Inserted 608 quantizers
    calibrated 32/128
    calibrated 64/128
    calibrated 96/128
    calibrated 128/128
model.0.conv.input_quantizer                                                     TensorQuantizer(8 bit fake per-tensor amax=1.0000 calibrator=MaxCalibrator quant)
model.0.conv.output_quantizer                                                    TensorQuantizer(disabled)
model.0.conv.weight_quantizer                                                    TensorQuantizer(8 bit fake axis=0 amax=[0.2715, 1.0742](16) calibrator=MaxCalibrator quant)
model.0.bn.input_quantizer                                                       TensorQuantizer(disabled)
model.0.bn.output_quantizer                                                      TensorQuantizer(disabled)
model.1.conv.input_quantizer                                                     TensorQuantizer(8 bit fake per-tensor amax=60.8079 calibrator=MaxCalibrator quant)
model.1.conv.output_quantizer                                                    TensorQuantizer(disabled)
model.1.conv.weight_quantizer                                                    TensorQuantizer(8 bit fake axis=0 amax=[0.2791, 0.6655](32) calibrator=MaxCalibrator quant)
model.1.bn.input_quantizer                                                       TensorQuantizer(disabled)
model.1.bn.output_quantizer                                                      TensorQuantizer(disabled)
model.2.cv1.conv.input_quantizer                                                 TensorQuantizer(8 bit fake per-tensor amax=122.1902 calibrator=MaxCalibrator quant)
model.2.cv1.conv.output_quantizer                                                TensorQuantizer(disabled)
model.2.cv1.conv.weight_quantizer                                                TensorQuantizer(8 bit fake axis=0 amax=[0.3054, 0.8413](32) calibrator=MaxCalibrator quant)
model.2.cv1.bn.input_quantizer                                                   TensorQuantizer(disabled)
model.2.cv1.bn.output_quantizer                                                  TensorQuantizer(disabled)
model.2.cv2.conv.input_quantizer                                                 TensorQuantizer(8 bit fake per-tensor amax=51.2314 calibrator=MaxCalibrator quant)
model.2.cv2.conv.output_quantizer                                                TensorQuantizer(disabled)
model.2.cv2.conv.weight_quantizer                                                TensorQuantizer(8 bit fake axis=0 amax=[0.2617, 0.8496](64) calibrator=MaxCalibrator quant)
model.2.cv2.bn.input_quantizer                                                   TensorQuantizer(disabled)
model.2.cv2.bn.output_quantizer                                                  TensorQuantizer(disabled)
model.2.m.0.cv1.conv.input_quantizer                                             TensorQuantizer(8 bit fake per-tensor amax=36.2666 calibrator=MaxCalibrator quant)
model.2.m.0.cv1.conv.output_quantizer                                            TensorQuantizer(disabled)
model.2.m.0.cv1.conv.weight_quantizer                                            TensorQuantizer(8 bit fake axis=0 amax=[0.4021, 0.6753](8) calibrator=MaxCalibrator quant)
model.2.m.0.cv1.bn.input_quantizer                                               TensorQuantizer(disabled)
model.2.m.0.cv1.bn.output_quantizer                                              TensorQuantizer(disabled)
model.2.m.0.cv2.conv.input_quantizer                                             TensorQuantizer(8 bit fake per-tensor amax=1.9048 calibrator=MaxCalibrator quant)
model.2.m.0.cv2.conv.output_quantizer                                            TensorQuantizer(disabled)
model.2.m.0.cv2.conv.weight_quantizer                                            TensorQuantizer(8 bit fake axis=0 amax=[0.3325, 0.9019](16) calibrator=MaxCalibrator quant)
model.2.m.0.cv2.bn.input_quantizer                                               TensorQuantizer(disabled)
model.2.m.0.cv2.bn.output_quantizer                                              TensorQuantizer(disabled)
model.3.conv.input_quantizer                                                     TensorQuantizer(8 bit fake per-tensor amax=24.6710 calibrator=MaxCalibrator quant)
model.3.conv.output_quantizer                                                    TensorQuantizer(disabled)
model.3.conv.weight_quantizer                                                    TensorQuantizer(8 bit fake axis=0 amax=[0.1487, 0.3342](64) calibrator=MaxCalibrator quant)
model.3.bn.input_quantizer                                                       TensorQuantizer(disabled)
model.3.bn.output_quantizer                                                      TensorQuantizer(disabled)
model.4.cv1.conv.input_quantizer                                                 TensorQuantizer(8 bit fake per-tensor amax=8.5386 calibrator=MaxCalibrator quant)
model.4.cv1.conv.output_quantizer                                                TensorQuantizer(disabled)
model.4.cv1.conv.weight_quantizer                                                TensorQuantizer(8 bit fake axis=0 amax=[0.2107, 0.6309](64) calibrator=MaxCalibrator quant)
model.4.cv1.bn.input_quantizer                                                   TensorQuantizer(disabled)
model.4.cv1.bn.output_quantizer                                                  TensorQuantizer(disabled)
model.4.cv2.conv.input_quantizer                                                 TensorQuantizer(8 bit fake per-tensor amax=8.9495 calibrator=MaxCalibrator quant)
model.4.cv2.conv.output_quantizer                                                TensorQuantizer(disabled)
model.4.cv2.conv.weight_quantizer                                                TensorQuantizer(8 bit fake axis=0 amax=[0.1577, 0.5342](128) calibrator=MaxCalibrator quant)
model.4.cv2.bn.input_quantizer                                                   TensorQuantizer(disabled)
model.4.cv2.bn.output_quantizer                                                  TensorQuantizer(disabled)
model.4.m.0.cv1.conv.input_quantizer                                             TensorQuantizer(8 bit fake per-tensor amax=5.3806 calibrator=MaxCalibrator quant)
model.4.m.0.cv1.conv.output_quantizer                                            TensorQuantizer(disabled)
model.4.m.0.cv1.conv.weight_quantizer                                            TensorQuantizer(8 bit fake axis=0 amax=[0.2097, 0.4590](16) calibrator=MaxCalibrator quant)
model.4.m.0.cv1.bn.input_quantizer                                               TensorQuantizer(disabled)
model.4.m.0.cv1.bn.output_quantizer                                              TensorQuantizer(disabled)
model.4.m.0.cv2.conv.input_quantizer                                             TensorQuantizer(8 bit fake per-tensor amax=4.6289 calibrator=MaxCalibrator quant)
model.4.m.0.cv2.conv.output_quantizer                                            TensorQuantizer(disabled)
model.4.m.0.cv2.conv.weight_quantizer                                            TensorQuantizer(8 bit fake axis=0 amax=[0.1882, 0.4727](32) calibrator=MaxCalibrator quant)
model.4.m.0.cv2.bn.input_quantizer                                               TensorQuantizer(disabled)
model.4.m.0.cv2.bn.output_quantizer                                              TensorQuantizer(disabled)
model.5.conv.input_quantizer                                                     TensorQuantizer(8 bit fake per-tensor amax=6.6459 calibrator=MaxCalibrator quant)
model.5.conv.output_quantizer                                                    TensorQuantizer(disabled)
model.5.conv.weight_quantizer                                                    TensorQuantizer(8 bit fake axis=0 amax=[0.0887, 0.5054](128) calibrator=MaxCalibrator quant)
model.5.bn.input_quantizer                                                       TensorQuantizer(disabled)
model.5.bn.output_quantizer                                                      TensorQuantizer(disabled)
model.6.cv1.conv.input_quantizer                                                 TensorQuantizer(8 bit fake per-tensor amax=6.3180 calibrator=MaxCalibrator quant)
model.6.cv1.conv.output_quantizer                                                TensorQuantizer(disabled)
model.6.cv1.conv.weight_quantizer                                                TensorQuantizer(8 bit fake axis=0 amax=[0.1370, 0.6465](128) calibrator=MaxCalibrator quant)
model.6.cv1.bn.input_quantizer                                                   TensorQuantizer(disabled)
model.6.cv1.bn.output_quantizer                                                  TensorQuantizer(disabled)
model.6.cv2.conv.input_quantizer                                                 TensorQuantizer(8 bit fake per-tensor amax=6.6261 calibrator=MaxCalibrator quant)
model.6.cv2.conv.output_quantizer                                                TensorQuantizer(disabled)
model.6.cv2.conv.weight_quantizer                                                TensorQuantizer(8 bit fake axis=0 amax=[0.1459, 0.6387](128) calibrator=MaxCalibrator quant)
model.6.cv2.bn.input_quantizer                                                   TensorQuantizer(disabled)
model.6.cv2.bn.output_quantizer                                                  TensorQuantizer(disabled)
model.6.m.0.cv1.conv.input_quantizer                                             TensorQuantizer(8 bit fake per-tensor amax=6.6261 calibrator=MaxCalibrator quant)
model.6.m.0.cv1.conv.output_quantizer                                            TensorQuantizer(disabled)
model.6.m.0.cv1.conv.weight_quantizer                                            TensorQuantizer(8 bit fake axis=0 amax=[0.1735, 0.3845](32) calibrator=MaxCalibrator quant)
model.6.m.0.cv1.bn.input_quantizer                                               TensorQuantizer(disabled)
model.6.m.0.cv1.bn.output_quantizer                                              TensorQuantizer(disabled)
model.6.m.0.cv2.conv.input_quantizer                                             TensorQuantizer(8 bit fake per-tensor amax=6.6261 calibrator=MaxCalibrator quant)
model.6.m.0.cv2.conv.output_quantizer                                            TensorQuantizer(disabled)
model.6.m.0.cv2.conv.weight_quantizer                                            TensorQuantizer(8 bit fake axis=0 amax=[0.1743, 0.4409](32) calibrator=MaxCalibrator quant)
model.6.m.0.cv2.bn.input_quantizer                                               TensorQuantizer(disabled)
model.6.m.0.cv2.bn.output_quantizer                                              TensorQuantizer(disabled)
model.6.m.0.cv3.conv.input_quantizer                                             TensorQuantizer(8 bit fake per-tensor amax=11.5305 calibrator=MaxCalibrator quant)
model.6.m.0.cv3.conv.output_quantizer                                            TensorQuantizer(disabled)
model.6.m.0.cv3.conv.weight_quantizer                                            TensorQuantizer(8 bit fake axis=0 amax=[0.1423, 0.4719](64) calibrator=MaxCalibrator quant)
model.6.m.0.cv3.bn.input_quantizer                                               TensorQuantizer(disabled)
model.6.m.0.cv3.bn.output_quantizer                                              TensorQuantizer(disabled)
model.6.m.0.m.0.cv1.conv.input_quantizer                                         TensorQuantizer(8 bit fake per-tensor amax=3.6855 calibrator=MaxCalibrator quant)
model.6.m.0.m.0.cv1.conv.output_quantizer                                        TensorQuantizer(disabled)
model.6.m.0.m.0.cv1.conv.weight_quantizer                                        TensorQuantizer(8 bit fake axis=0 amax=[0.1521, 0.3740](32) calibrator=MaxCalibrator quant)
model.6.m.0.m.0.cv1.bn.input_quantizer                                           TensorQuantizer(disabled)
model.6.m.0.m.0.cv1.bn.output_quantizer                                          TensorQuantizer(disabled)
model.6.m.0.m.0.cv2.conv.input_quantizer                                         TensorQuantizer(8 bit fake per-tensor amax=5.7162 calibrator=MaxCalibrator quant)
model.6.m.0.m.0.cv2.conv.output_quantizer                                        TensorQuantizer(disabled)
model.6.m.0.m.0.cv2.conv.weight_quantizer                                        TensorQuantizer(8 bit fake axis=0 amax=[0.1159, 0.3062](32) calibrator=MaxCalibrator quant)
model.6.m.0.m.0.cv2.bn.input_quantizer                                           TensorQuantizer(disabled)
model.6.m.0.m.0.cv2.bn.output_quantizer                                          TensorQuantizer(disabled)
model.6.m.0.m.1.cv1.conv.input_quantizer                                         TensorQuantizer(8 bit fake per-tensor amax=4.7939 calibrator=MaxCalibrator quant)
model.6.m.0.m.1.cv1.conv.output_quantizer                                        TensorQuantizer(disabled)
model.6.m.0.m.1.cv1.conv.weight_quantizer                                        TensorQuantizer(8 bit fake axis=0 amax=[0.1573, 0.3433](32) calibrator=MaxCalibrator quant)
model.6.m.0.m.1.cv1.bn.input_quantizer                                           TensorQuantizer(disabled)
model.6.m.0.m.1.cv1.bn.output_quantizer                                          TensorQuantizer(disabled)
model.6.m.0.m.1.cv2.conv.input_quantizer                                         TensorQuantizer(8 bit fake per-tensor amax=6.2063 calibrator=MaxCalibrator quant)
model.6.m.0.m.1.cv2.conv.output_quantizer                                        TensorQuantizer(disabled)
model.6.m.0.m.1.cv2.conv.weight_quantizer                                        TensorQuantizer(8 bit fake axis=0 amax=[0.1268, 0.2783](32) calibrator=MaxCalibrator quant)
model.6.m.0.m.1.cv2.bn.input_quantizer                                           TensorQuantizer(disabled)
model.6.m.0.m.1.cv2.bn.output_quantizer                                          TensorQuantizer(disabled)
model.7.conv.input_quantizer                                                     TensorQuantizer(8 bit fake per-tensor amax=6.1456 calibrator=MaxCalibrator quant)
model.7.conv.output_quantizer                                                    TensorQuantizer(disabled)
model.7.conv.weight_quantizer                                                    TensorQuantizer(8 bit fake axis=0 amax=[0.0710, 0.3501](256) calibrator=MaxCalibrator quant)
model.7.bn.input_quantizer                                                       TensorQuantizer(disabled)
model.7.bn.output_quantizer                                                      TensorQuantizer(disabled)
model.8.cv1.conv.input_quantizer                                                 TensorQuantizer(8 bit fake per-tensor amax=5.3346 calibrator=MaxCalibrator quant)
model.8.cv1.conv.output_quantizer                                                TensorQuantizer(disabled)
model.8.cv1.conv.weight_quantizer                                                TensorQuantizer(8 bit fake axis=0 amax=[0.0973, 0.5630](256) calibrator=MaxCalibrator quant)
model.8.cv1.bn.input_quantizer                                                   TensorQuantizer(disabled)
model.8.cv1.bn.output_quantizer                                                  TensorQuantizer(disabled)
model.8.cv2.conv.input_quantizer                                                 TensorQuantizer(8 bit fake per-tensor amax=7.1123 calibrator=MaxCalibrator quant)
model.8.cv2.conv.output_quantizer                                                TensorQuantizer(disabled)
model.8.cv2.conv.weight_quantizer                                                TensorQuantizer(8 bit fake axis=0 amax=[0.0966, 0.5425](256) calibrator=MaxCalibrator quant)
model.8.cv2.bn.input_quantizer                                                   TensorQuantizer(disabled)
model.8.cv2.bn.output_quantizer                                                  TensorQuantizer(disabled)
model.8.m.0.cv1.conv.input_quantizer                                             TensorQuantizer(8 bit fake per-tensor amax=5.5420 calibrator=MaxCalibrator quant)
model.8.m.0.cv1.conv.output_quantizer                                            TensorQuantizer(disabled)
model.8.m.0.cv1.conv.weight_quantizer                                            TensorQuantizer(8 bit fake axis=0 amax=[0.1346, 0.5332](64) calibrator=MaxCalibrator quant)
model.8.m.0.cv1.bn.input_quantizer                                               TensorQuantizer(disabled)
model.8.m.0.cv1.bn.output_quantizer                                              TensorQuantizer(disabled)
model.8.m.0.cv2.conv.input_quantizer                                             TensorQuantizer(8 bit fake per-tensor amax=5.5420 calibrator=MaxCalibrator quant)
model.8.m.0.cv2.conv.output_quantizer                                            TensorQuantizer(disabled)
model.8.m.0.cv2.conv.weight_quantizer                                            TensorQuantizer(8 bit fake axis=0 amax=[0.1065, 0.3462](64) calibrator=MaxCalibrator quant)
model.8.m.0.cv2.bn.input_quantizer                                               TensorQuantizer(disabled)
model.8.m.0.cv2.bn.output_quantizer                                              TensorQuantizer(disabled)
model.8.m.0.cv3.conv.input_quantizer                                             TensorQuantizer(8 bit fake per-tensor amax=14.2755 calibrator=MaxCalibrator quant)
model.8.m.0.cv3.conv.output_quantizer                                            TensorQuantizer(disabled)
model.8.m.0.cv3.conv.weight_quantizer                                            TensorQuantizer(8 bit fake axis=0 amax=[0.1242, 0.4290](128) calibrator=MaxCalibrator quant)
model.8.m.0.cv3.bn.input_quantizer                                               TensorQuantizer(disabled)
model.8.m.0.cv3.bn.output_quantizer                                              TensorQuantizer(disabled)
model.8.m.0.m.0.cv1.conv.input_quantizer                                         TensorQuantizer(8 bit fake per-tensor amax=3.6790 calibrator=MaxCalibrator quant)
model.8.m.0.m.0.cv1.conv.output_quantizer                                        TensorQuantizer(disabled)
model.8.m.0.m.0.cv1.conv.weight_quantizer                                        TensorQuantizer(8 bit fake axis=0 amax=[0.0970, 0.3728](64) calibrator=MaxCalibrator quant)
model.8.m.0.m.0.cv1.bn.input_quantizer                                           TensorQuantizer(disabled)
model.8.m.0.m.0.cv1.bn.output_quantizer                                          TensorQuantizer(disabled)
model.8.m.0.m.0.cv2.conv.input_quantizer                                         TensorQuantizer(8 bit fake per-tensor amax=6.6981 calibrator=MaxCalibrator quant)
model.8.m.0.m.0.cv2.conv.output_quantizer                                        TensorQuantizer(disabled)
model.8.m.0.m.0.cv2.conv.weight_quantizer                                        TensorQuantizer(8 bit fake axis=0 amax=[0.0992, 0.3992](64) calibrator=MaxCalibrator quant)
model.8.m.0.m.0.cv2.bn.input_quantizer                                           TensorQuantizer(disabled)
model.8.m.0.m.0.cv2.bn.output_quantizer                                          TensorQuantizer(disabled)
model.8.m.0.m.1.cv1.conv.input_quantizer                                         TensorQuantizer(8 bit fake per-tensor amax=6.8484 calibrator=MaxCalibrator quant)
model.8.m.0.m.1.cv1.conv.output_quantizer                                        TensorQuantizer(disabled)
model.8.m.0.m.1.cv1.conv.weight_quantizer                                        TensorQuantizer(8 bit fake axis=0 amax=[0.0994, 0.3811](64) calibrator=MaxCalibrator quant)
model.8.m.0.m.1.cv1.bn.input_quantizer                                           TensorQuantizer(disabled)
model.8.m.0.m.1.cv1.bn.output_quantizer                                          TensorQuantizer(disabled)
model.8.m.0.m.1.cv2.conv.input_quantizer                                         TensorQuantizer(8 bit fake per-tensor amax=6.1699 calibrator=MaxCalibrator quant)
model.8.m.0.m.1.cv2.conv.output_quantizer                                        TensorQuantizer(disabled)
model.8.m.0.m.1.cv2.conv.weight_quantizer                                        TensorQuantizer(8 bit fake axis=0 amax=[0.0922, 0.3767](64) calibrator=MaxCalibrator quant)
model.8.m.0.m.1.cv2.bn.input_quantizer                                           TensorQuantizer(disabled)
model.8.m.0.m.1.cv2.bn.output_quantizer                                          TensorQuantizer(disabled)
model.9.cv1.conv.input_quantizer                                                 TensorQuantizer(8 bit fake per-tensor amax=5.1641 calibrator=MaxCalibrator quant)
model.9.cv1.conv.output_quantizer                                                TensorQuantizer(disabled)
model.9.cv1.conv.weight_quantizer                                                TensorQuantizer(8 bit fake axis=0 amax=[0.1110, 0.6069](128) calibrator=MaxCalibrator quant)
model.9.cv1.bn.input_quantizer                                                   TensorQuantizer(disabled)
model.9.cv1.bn.output_quantizer                                                  TensorQuantizer(disabled)
model.9.cv2.conv.input_quantizer                                                 TensorQuantizer(8 bit fake per-tensor amax=7.3280 calibrator=MaxCalibrator quant)
model.9.cv2.conv.output_quantizer                                                TensorQuantizer(disabled)
model.9.cv2.conv.weight_quantizer                                                TensorQuantizer(8 bit fake axis=0 amax=[0.0872, 0.7031](256) calibrator=MaxCalibrator quant)
model.9.cv2.bn.input_quantizer                                                   TensorQuantizer(disabled)
model.9.cv2.bn.output_quantizer                                                  TensorQuantizer(disabled)
model.9.m.input_quantizer                                                        TensorQuantizer(8 bit fake per-tensor amax=7.3280 calibrator=MaxCalibrator quant)
model.9.m.output_quantizer                                                       TensorQuantizer(disabled)
model.10.cv1.conv.input_quantizer                                                TensorQuantizer(8 bit fake per-tensor amax=6.4954 calibrator=MaxCalibrator quant)
model.10.cv1.conv.output_quantizer                                               TensorQuantizer(disabled)
model.10.cv1.conv.weight_quantizer                                               TensorQuantizer(8 bit fake axis=0 amax=[0.0944, 0.6313](256) calibrator=MaxCalibrator quant)
model.10.cv1.bn.input_quantizer                                                  TensorQuantizer(disabled)
model.10.cv1.bn.output_quantizer                                                 TensorQuantizer(disabled)
model.10.cv2.conv.input_quantizer                                                TensorQuantizer(8 bit fake per-tensor amax=7.8163 calibrator=MaxCalibrator quant)
model.10.cv2.conv.output_quantizer                                               TensorQuantizer(disabled)
model.10.cv2.conv.weight_quantizer                                               TensorQuantizer(8 bit fake axis=0 amax=[0.0965, 0.6748](256) calibrator=MaxCalibrator quant)
model.10.cv2.bn.input_quantizer                                                  TensorQuantizer(disabled)
model.10.cv2.bn.output_quantizer                                                 TensorQuantizer(disabled)
model.10.m.0.attn.qkv.conv.input_quantizer                                       TensorQuantizer(8 bit fake per-tensor amax=6.8456 calibrator=MaxCalibrator quant)
model.10.m.0.attn.qkv.conv.output_quantizer                                      TensorQuantizer(disabled)
model.10.m.0.attn.qkv.conv.weight_quantizer                                      TensorQuantizer(8 bit fake axis=0 amax=[0.0743, 0.4570](256) calibrator=MaxCalibrator quant)
model.10.m.0.attn.qkv.bn.input_quantizer                                         TensorQuantizer(disabled)
model.10.m.0.attn.qkv.bn.output_quantizer                                        TensorQuantizer(disabled)
model.10.m.0.attn.proj.conv.input_quantizer                                      TensorQuantizer(8 bit fake per-tensor amax=3.6520 calibrator=MaxCalibrator quant)
model.10.m.0.attn.proj.conv.output_quantizer                                     TensorQuantizer(disabled)
model.10.m.0.attn.proj.conv.weight_quantizer                                     TensorQuantizer(8 bit fake axis=0 amax=[0.1233, 0.3552](128) calibrator=MaxCalibrator quant)
model.10.m.0.attn.proj.bn.input_quantizer                                        TensorQuantizer(disabled)
model.10.m.0.attn.proj.bn.output_quantizer                                       TensorQuantizer(disabled)
model.10.m.0.attn.pe.conv.input_quantizer                                        TensorQuantizer(8 bit fake per-tensor amax=10.1504 calibrator=MaxCalibrator quant)
model.10.m.0.attn.pe.conv.output_quantizer                                       TensorQuantizer(disabled)
model.10.m.0.attn.pe.conv.weight_quantizer                                       TensorQuantizer(8 bit fake axis=0 amax=[0.0739, 0.3850](128) calibrator=MaxCalibrator quant)
model.10.m.0.attn.pe.bn.input_quantizer                                          TensorQuantizer(disabled)
model.10.m.0.attn.pe.bn.output_quantizer                                         TensorQuantizer(disabled)
model.10.m.0.ffn.0.conv.input_quantizer                                          TensorQuantizer(8 bit fake per-tensor amax=6.4659 calibrator=MaxCalibrator quant)
model.10.m.0.ffn.0.conv.output_quantizer                                         TensorQuantizer(disabled)
model.10.m.0.ffn.0.conv.weight_quantizer                                         TensorQuantizer(8 bit fake axis=0 amax=[0.0865, 0.4456](256) calibrator=MaxCalibrator quant)
model.10.m.0.ffn.0.bn.input_quantizer                                            TensorQuantizer(disabled)
model.10.m.0.ffn.0.bn.output_quantizer                                           TensorQuantizer(disabled)
model.10.m.0.ffn.1.conv.input_quantizer                                          TensorQuantizer(8 bit fake per-tensor amax=2.4034 calibrator=MaxCalibrator quant)
model.10.m.0.ffn.1.conv.output_quantizer                                         TensorQuantizer(disabled)
model.10.m.0.ffn.1.conv.weight_quantizer                                         TensorQuantizer(8 bit fake axis=0 amax=[0.0941, 0.2927](128) calibrator=MaxCalibrator quant)
model.10.m.0.ffn.1.bn.input_quantizer                                            TensorQuantizer(disabled)
model.10.m.0.ffn.1.bn.output_quantizer                                           TensorQuantizer(disabled)
model.13.cv1.conv.input_quantizer                                                TensorQuantizer(8 bit fake per-tensor amax=6.1456 calibrator=MaxCalibrator quant)
model.13.cv1.conv.output_quantizer                                               TensorQuantizer(disabled)
model.13.cv1.conv.weight_quantizer                                               TensorQuantizer(8 bit fake axis=0 amax=[0.1083, 0.6782](128) calibrator=MaxCalibrator quant)
model.13.cv1.bn.input_quantizer                                                  TensorQuantizer(disabled)
model.13.cv1.bn.output_quantizer                                                 TensorQuantizer(disabled)
model.13.cv2.conv.input_quantizer                                                TensorQuantizer(8 bit fake per-tensor amax=5.3950 calibrator=MaxCalibrator quant)
model.13.cv2.conv.output_quantizer                                               TensorQuantizer(disabled)
model.13.cv2.conv.weight_quantizer                                               TensorQuantizer(8 bit fake axis=0 amax=[0.1242, 0.4331](128) calibrator=MaxCalibrator quant)
model.13.cv2.bn.input_quantizer                                                  TensorQuantizer(disabled)
model.13.cv2.bn.output_quantizer                                                 TensorQuantizer(disabled)
model.13.m.0.cv1.conv.input_quantizer                                            TensorQuantizer(8 bit fake per-tensor amax=4.2659 calibrator=MaxCalibrator quant)
model.13.m.0.cv1.conv.output_quantizer                                           TensorQuantizer(disabled)
model.13.m.0.cv1.conv.weight_quantizer                                           TensorQuantizer(8 bit fake axis=0 amax=[0.1791, 0.3928](32) calibrator=MaxCalibrator quant)
model.13.m.0.cv1.bn.input_quantizer                                              TensorQuantizer(disabled)
model.13.m.0.cv1.bn.output_quantizer                                             TensorQuantizer(disabled)
model.13.m.0.cv2.conv.input_quantizer                                            TensorQuantizer(8 bit fake per-tensor amax=4.2659 calibrator=MaxCalibrator quant)
model.13.m.0.cv2.conv.output_quantizer                                           TensorQuantizer(disabled)
model.13.m.0.cv2.conv.weight_quantizer                                           TensorQuantizer(8 bit fake axis=0 amax=[0.1298, 0.2377](32) calibrator=MaxCalibrator quant)
model.13.m.0.cv2.bn.input_quantizer                                              TensorQuantizer(disabled)
model.13.m.0.cv2.bn.output_quantizer                                             TensorQuantizer(disabled)
model.13.m.0.cv3.conv.input_quantizer                                            TensorQuantizer(8 bit fake per-tensor amax=10.5230 calibrator=MaxCalibrator quant)
model.13.m.0.cv3.conv.output_quantizer                                           TensorQuantizer(disabled)
model.13.m.0.cv3.conv.weight_quantizer                                           TensorQuantizer(8 bit fake axis=0 amax=[0.1346, 0.3123](64) calibrator=MaxCalibrator quant)
model.13.m.0.cv3.bn.input_quantizer                                              TensorQuantizer(disabled)
model.13.m.0.cv3.bn.output_quantizer                                             TensorQuantizer(disabled)
model.13.m.0.m.0.cv1.conv.input_quantizer                                        TensorQuantizer(8 bit fake per-tensor amax=2.1094 calibrator=MaxCalibrator quant)
model.13.m.0.m.0.cv1.conv.output_quantizer                                       TensorQuantizer(disabled)
model.13.m.0.m.0.cv1.conv.weight_quantizer                                       TensorQuantizer(8 bit fake axis=0 amax=[0.1464, 0.3113](32) calibrator=MaxCalibrator quant)
model.13.m.0.m.0.cv1.bn.input_quantizer                                          TensorQuantizer(disabled)
model.13.m.0.m.0.cv1.bn.output_quantizer                                         TensorQuantizer(disabled)
model.13.m.0.m.0.cv2.conv.input_quantizer                                        TensorQuantizer(8 bit fake per-tensor amax=4.3362 calibrator=MaxCalibrator quant)
model.13.m.0.m.0.cv2.conv.output_quantizer                                       TensorQuantizer(disabled)
model.13.m.0.m.0.cv2.conv.weight_quantizer                                       TensorQuantizer(8 bit fake axis=0 amax=[0.1339, 0.3179](32) calibrator=MaxCalibrator quant)
model.13.m.0.m.0.cv2.bn.input_quantizer                                          TensorQuantizer(disabled)
model.13.m.0.m.0.cv2.bn.output_quantizer                                         TensorQuantizer(disabled)
model.13.m.0.m.1.cv1.conv.input_quantizer                                        TensorQuantizer(8 bit fake per-tensor amax=5.4079 calibrator=MaxCalibrator quant)
model.13.m.0.m.1.cv1.conv.output_quantizer                                       TensorQuantizer(disabled)
model.13.m.0.m.1.cv1.conv.weight_quantizer                                       TensorQuantizer(8 bit fake axis=0 amax=[0.1307, 0.3147](32) calibrator=MaxCalibrator quant)
model.13.m.0.m.1.cv1.bn.input_quantizer                                          TensorQuantizer(disabled)
model.13.m.0.m.1.cv1.bn.output_quantizer                                         TensorQuantizer(disabled)
model.13.m.0.m.1.cv2.conv.input_quantizer                                        TensorQuantizer(8 bit fake per-tensor amax=3.8909 calibrator=MaxCalibrator quant)
model.13.m.0.m.1.cv2.conv.output_quantizer                                       TensorQuantizer(disabled)
model.13.m.0.m.1.cv2.conv.weight_quantizer                                       TensorQuantizer(8 bit fake axis=0 amax=[0.1262, 0.3560](32) calibrator=MaxCalibrator quant)
model.13.m.0.m.1.cv2.bn.input_quantizer                                          TensorQuantizer(disabled)
model.13.m.0.m.1.cv2.bn.output_quantizer                                         TensorQuantizer(disabled)
model.16.cv1.conv.input_quantizer                                                TensorQuantizer(8 bit fake per-tensor amax=6.6459 calibrator=MaxCalibrator quant)
model.16.cv1.conv.output_quantizer                                               TensorQuantizer(disabled)
model.16.cv1.conv.weight_quantizer                                               TensorQuantizer(8 bit fake axis=0 amax=[0.1267, 0.4326](64) calibrator=MaxCalibrator quant)
model.16.cv1.bn.input_quantizer                                                  TensorQuantizer(disabled)
model.16.cv1.bn.output_quantizer                                                 TensorQuantizer(disabled)
model.16.cv2.conv.input_quantizer                                                TensorQuantizer(8 bit fake per-tensor amax=10.6731 calibrator=MaxCalibrator quant)
model.16.cv2.conv.output_quantizer                                               TensorQuantizer(disabled)
model.16.cv2.conv.weight_quantizer                                               TensorQuantizer(8 bit fake axis=0 amax=[0.1799, 0.6226](64) calibrator=MaxCalibrator quant)
model.16.cv2.bn.input_quantizer                                                  TensorQuantizer(disabled)
model.16.cv2.bn.output_quantizer                                                 TensorQuantizer(disabled)
model.16.m.0.cv1.conv.input_quantizer                                            TensorQuantizer(8 bit fake per-tensor amax=4.4199 calibrator=MaxCalibrator quant)
model.16.m.0.cv1.conv.output_quantizer                                           TensorQuantizer(disabled)
model.16.m.0.cv1.conv.weight_quantizer                                           TensorQuantizer(8 bit fake axis=0 amax=[0.2386, 0.4536](16) calibrator=MaxCalibrator quant)
model.16.m.0.cv1.bn.input_quantizer                                              TensorQuantizer(disabled)
model.16.m.0.cv1.bn.output_quantizer                                             TensorQuantizer(disabled)
model.16.m.0.cv2.conv.input_quantizer                                            TensorQuantizer(8 bit fake per-tensor amax=4.4199 calibrator=MaxCalibrator quant)
model.16.m.0.cv2.conv.output_quantizer                                           TensorQuantizer(disabled)
model.16.m.0.cv2.conv.weight_quantizer                                           TensorQuantizer(8 bit fake axis=0 amax=[0.1830, 0.3462](16) calibrator=MaxCalibrator quant)
model.16.m.0.cv2.bn.input_quantizer                                              TensorQuantizer(disabled)
model.16.m.0.cv2.bn.output_quantizer                                             TensorQuantizer(disabled)
model.16.m.0.cv3.conv.input_quantizer                                            TensorQuantizer(8 bit fake per-tensor amax=17.7893 calibrator=MaxCalibrator quant)
model.16.m.0.cv3.conv.output_quantizer                                           TensorQuantizer(disabled)
model.16.m.0.cv3.conv.weight_quantizer                                           TensorQuantizer(8 bit fake axis=0 amax=[0.2537, 0.4675](32) calibrator=MaxCalibrator quant)
model.16.m.0.cv3.bn.input_quantizer                                              TensorQuantizer(disabled)
model.16.m.0.cv3.bn.output_quantizer                                             TensorQuantizer(disabled)
model.16.m.0.m.0.cv1.conv.input_quantizer                                        TensorQuantizer(8 bit fake per-tensor amax=1.1683 calibrator=MaxCalibrator quant)
model.16.m.0.m.0.cv1.conv.output_quantizer                                       TensorQuantizer(disabled)
model.16.m.0.m.0.cv1.conv.weight_quantizer                                       TensorQuantizer(8 bit fake axis=0 amax=[0.1687, 0.3618](16) calibrator=MaxCalibrator quant)
model.16.m.0.m.0.cv1.bn.input_quantizer                                          TensorQuantizer(disabled)
model.16.m.0.m.0.cv1.bn.output_quantizer                                         TensorQuantizer(disabled)
model.16.m.0.m.0.cv2.conv.input_quantizer                                        TensorQuantizer(8 bit fake per-tensor amax=4.7608 calibrator=MaxCalibrator quant)
model.16.m.0.m.0.cv2.conv.output_quantizer                                       TensorQuantizer(disabled)
model.16.m.0.m.0.cv2.conv.weight_quantizer                                       TensorQuantizer(8 bit fake axis=0 amax=[0.1396, 0.4165](16) calibrator=MaxCalibrator quant)
model.16.m.0.m.0.cv2.bn.input_quantizer                                          TensorQuantizer(disabled)
model.16.m.0.m.0.cv2.bn.output_quantizer                                         TensorQuantizer(disabled)
model.16.m.0.m.1.cv1.conv.input_quantizer                                        TensorQuantizer(8 bit fake per-tensor amax=5.1098 calibrator=MaxCalibrator quant)
model.16.m.0.m.1.cv1.conv.output_quantizer                                       TensorQuantizer(disabled)
model.16.m.0.m.1.cv1.conv.weight_quantizer                                       TensorQuantizer(8 bit fake axis=0 amax=[0.2327, 0.3640](16) calibrator=MaxCalibrator quant)
model.16.m.0.m.1.cv1.bn.input_quantizer                                          TensorQuantizer(disabled)
model.16.m.0.m.1.cv1.bn.output_quantizer                                         TensorQuantizer(disabled)
model.16.m.0.m.1.cv2.conv.input_quantizer                                        TensorQuantizer(8 bit fake per-tensor amax=4.3302 calibrator=MaxCalibrator quant)
model.16.m.0.m.1.cv2.conv.output_quantizer                                       TensorQuantizer(disabled)
model.16.m.0.m.1.cv2.conv.weight_quantizer                                       TensorQuantizer(8 bit fake axis=0 amax=[0.2189, 0.4814](16) calibrator=MaxCalibrator quant)
model.16.m.0.m.1.cv2.bn.input_quantizer                                          TensorQuantizer(disabled)
model.16.m.0.m.1.cv2.bn.output_quantizer                                         TensorQuantizer(disabled)
model.17.conv.input_quantizer                                                    TensorQuantizer(8 bit fake per-tensor amax=5.0909 calibrator=MaxCalibrator quant)
model.17.conv.output_quantizer                                                   TensorQuantizer(disabled)
model.17.conv.weight_quantizer                                                   TensorQuantizer(8 bit fake axis=0 amax=[0.1113, 0.2462](64) calibrator=MaxCalibrator quant)
model.17.bn.input_quantizer                                                      TensorQuantizer(disabled)
model.17.bn.output_quantizer                                                     TensorQuantizer(disabled)
model.19.cv1.conv.input_quantizer                                                TensorQuantizer(8 bit fake per-tensor amax=4.7693 calibrator=MaxCalibrator quant)
model.19.cv1.conv.output_quantizer                                               TensorQuantizer(disabled)
model.19.cv1.conv.weight_quantizer                                               TensorQuantizer(8 bit fake axis=0 amax=[0.1124, 0.4236](128) calibrator=MaxCalibrator quant)
model.19.cv1.bn.input_quantizer                                                  TensorQuantizer(disabled)
model.19.cv1.bn.output_quantizer                                                 TensorQuantizer(disabled)
model.19.cv2.conv.input_quantizer                                                TensorQuantizer(8 bit fake per-tensor amax=11.8926 calibrator=MaxCalibrator quant)
model.19.cv2.conv.output_quantizer                                               TensorQuantizer(disabled)
model.19.cv2.conv.weight_quantizer                                               TensorQuantizer(8 bit fake axis=0 amax=[0.1284, 0.5376](128) calibrator=MaxCalibrator quant)
model.19.cv2.bn.input_quantizer                                                  TensorQuantizer(disabled)
model.19.cv2.bn.output_quantizer                                                 TensorQuantizer(disabled)
model.19.m.0.cv1.conv.input_quantizer                                            TensorQuantizer(8 bit fake per-tensor amax=5.6427 calibrator=MaxCalibrator quant)
model.19.m.0.cv1.conv.output_quantizer                                           TensorQuantizer(disabled)
model.19.m.0.cv1.conv.weight_quantizer                                           TensorQuantizer(8 bit fake axis=0 amax=[0.1541, 0.3240](32) calibrator=MaxCalibrator quant)
model.19.m.0.cv1.bn.input_quantizer                                              TensorQuantizer(disabled)
model.19.m.0.cv1.bn.output_quantizer                                             TensorQuantizer(disabled)
model.19.m.0.cv2.conv.input_quantizer                                            TensorQuantizer(8 bit fake per-tensor amax=5.6427 calibrator=MaxCalibrator quant)
model.19.m.0.cv2.conv.output_quantizer                                           TensorQuantizer(disabled)
model.19.m.0.cv2.conv.weight_quantizer                                           TensorQuantizer(8 bit fake axis=0 amax=[0.1487, 0.3118](32) calibrator=MaxCalibrator quant)
model.19.m.0.cv2.bn.input_quantizer                                              TensorQuantizer(disabled)
model.19.m.0.cv2.bn.output_quantizer                                             TensorQuantizer(disabled)
model.19.m.0.cv3.conv.input_quantizer                                            TensorQuantizer(8 bit fake per-tensor amax=26.3747 calibrator=MaxCalibrator quant)
model.19.m.0.cv3.conv.output_quantizer                                           TensorQuantizer(disabled)
model.19.m.0.cv3.conv.weight_quantizer                                           TensorQuantizer(8 bit fake axis=0 amax=[0.1815, 0.4614](64) calibrator=MaxCalibrator quant)
model.19.m.0.cv3.bn.input_quantizer                                              TensorQuantizer(disabled)
model.19.m.0.cv3.bn.output_quantizer                                             TensorQuantizer(disabled)
model.19.m.0.m.0.cv1.conv.input_quantizer                                        TensorQuantizer(8 bit fake per-tensor amax=1.2284 calibrator=MaxCalibrator quant)
model.19.m.0.m.0.cv1.conv.output_quantizer                                       TensorQuantizer(disabled)
model.19.m.0.m.0.cv1.conv.weight_quantizer                                       TensorQuantizer(8 bit fake axis=0 amax=[0.1547, 0.3740](32) calibrator=MaxCalibrator quant)
model.19.m.0.m.0.cv1.bn.input_quantizer                                          TensorQuantizer(disabled)
model.19.m.0.m.0.cv1.bn.output_quantizer                                         TensorQuantizer(disabled)
model.19.m.0.m.0.cv2.conv.input_quantizer                                        TensorQuantizer(8 bit fake per-tensor amax=4.0489 calibrator=MaxCalibrator quant)
model.19.m.0.m.0.cv2.conv.output_quantizer                                       TensorQuantizer(disabled)
model.19.m.0.m.0.cv2.conv.weight_quantizer                                       TensorQuantizer(8 bit fake axis=0 amax=[0.1521, 0.4358](32) calibrator=MaxCalibrator quant)
model.19.m.0.m.0.cv2.bn.input_quantizer                                          TensorQuantizer(disabled)
model.19.m.0.m.0.cv2.bn.output_quantizer                                         TensorQuantizer(disabled)
model.19.m.0.m.1.cv1.conv.input_quantizer                                        TensorQuantizer(8 bit fake per-tensor amax=5.1300 calibrator=MaxCalibrator quant)
model.19.m.0.m.1.cv1.conv.output_quantizer                                       TensorQuantizer(disabled)
model.19.m.0.m.1.cv1.conv.weight_quantizer                                       TensorQuantizer(8 bit fake axis=0 amax=[0.1490, 0.3877](32) calibrator=MaxCalibrator quant)
model.19.m.0.m.1.cv1.bn.input_quantizer                                          TensorQuantizer(disabled)
model.19.m.0.m.1.cv1.bn.output_quantizer                                         TensorQuantizer(disabled)
model.19.m.0.m.1.cv2.conv.input_quantizer                                        TensorQuantizer(8 bit fake per-tensor amax=5.4916 calibrator=MaxCalibrator quant)
model.19.m.0.m.1.cv2.conv.output_quantizer                                       TensorQuantizer(disabled)
model.19.m.0.m.1.cv2.conv.weight_quantizer                                       TensorQuantizer(8 bit fake axis=0 amax=[0.1570, 0.4465](32) calibrator=MaxCalibrator quant)
model.19.m.0.m.1.cv2.bn.input_quantizer                                          TensorQuantizer(disabled)
model.19.m.0.m.1.cv2.bn.output_quantizer                                         TensorQuantizer(disabled)
model.20.conv.input_quantizer                                                    TensorQuantizer(8 bit fake per-tensor amax=5.8221 calibrator=MaxCalibrator quant)
model.20.conv.output_quantizer                                                   TensorQuantizer(disabled)
model.20.conv.weight_quantizer                                                   TensorQuantizer(8 bit fake axis=0 amax=[0.0729, 0.2622](128) calibrator=MaxCalibrator quant)
model.20.bn.input_quantizer                                                      TensorQuantizer(disabled)
model.20.bn.output_quantizer                                                     TensorQuantizer(disabled)
model.22.cv1.conv.input_quantizer                                                TensorQuantizer(8 bit fake per-tensor amax=6.7787 calibrator=MaxCalibrator quant)
model.22.cv1.conv.output_quantizer                                               TensorQuantizer(disabled)
model.22.cv1.conv.weight_quantizer                                               TensorQuantizer(8 bit fake axis=0 amax=[0.0803, 0.5312](256) calibrator=MaxCalibrator quant)
model.22.cv1.bn.input_quantizer                                                  TensorQuantizer(disabled)
model.22.cv1.bn.output_quantizer                                                 TensorQuantizer(disabled)
model.22.cv2.conv.input_quantizer                                                TensorQuantizer(8 bit fake per-tensor amax=10.6045 calibrator=MaxCalibrator quant)
model.22.cv2.conv.output_quantizer                                               TensorQuantizer(disabled)
model.22.cv2.conv.weight_quantizer                                               TensorQuantizer(8 bit fake axis=0 amax=[0.0797, 0.3904](256) calibrator=MaxCalibrator quant)
model.22.cv2.bn.input_quantizer                                                  TensorQuantizer(disabled)
model.22.cv2.bn.output_quantizer                                                 TensorQuantizer(disabled)
model.22.m.0.0.cv1.conv.input_quantizer                                          TensorQuantizer(8 bit fake per-tensor amax=3.6268 calibrator=MaxCalibrator quant)
model.22.m.0.0.cv1.conv.output_quantizer                                         TensorQuantizer(disabled)
model.22.m.0.0.cv1.conv.weight_quantizer                                         TensorQuantizer(8 bit fake axis=0 amax=[0.0714, 0.3220](64) calibrator=MaxCalibrator quant)
model.22.m.0.0.cv1.bn.input_quantizer                                            TensorQuantizer(disabled)
model.22.m.0.0.cv1.bn.output_quantizer                                           TensorQuantizer(disabled)
model.22.m.0.0.cv2.conv.input_quantizer                                          TensorQuantizer(8 bit fake per-tensor amax=5.9890 calibrator=MaxCalibrator quant)
model.22.m.0.0.cv2.conv.output_quantizer                                         TensorQuantizer(disabled)
model.22.m.0.0.cv2.conv.weight_quantizer                                         TensorQuantizer(8 bit fake axis=0 amax=[0.0773, 0.3049](128) calibrator=MaxCalibrator quant)
model.22.m.0.0.cv2.bn.input_quantizer                                            TensorQuantizer(disabled)
model.22.m.0.0.cv2.bn.output_quantizer                                           TensorQuantizer(disabled)
model.22.m.0.1.attn.qkv.conv.input_quantizer                                     TensorQuantizer(8 bit fake per-tensor amax=8.5292 calibrator=MaxCalibrator quant)
model.22.m.0.1.attn.qkv.conv.output_quantizer                                    TensorQuantizer(disabled)
model.22.m.0.1.attn.qkv.conv.weight_quantizer                                    TensorQuantizer(8 bit fake axis=0 amax=[0.0851, 0.2993](256) calibrator=MaxCalibrator quant)
model.22.m.0.1.attn.qkv.bn.input_quantizer                                       TensorQuantizer(disabled)
model.22.m.0.1.attn.qkv.bn.output_quantizer                                      TensorQuantizer(disabled)
model.22.m.0.1.attn.proj.conv.input_quantizer                                    TensorQuantizer(8 bit fake per-tensor amax=11.7387 calibrator=MaxCalibrator quant)
model.22.m.0.1.attn.proj.conv.output_quantizer                                   TensorQuantizer(disabled)
model.22.m.0.1.attn.proj.conv.weight_quantizer                                   TensorQuantizer(8 bit fake axis=0 amax=[0.0954, 0.3552](128) calibrator=MaxCalibrator quant)
model.22.m.0.1.attn.proj.bn.input_quantizer                                      TensorQuantizer(disabled)
model.22.m.0.1.attn.proj.bn.output_quantizer                                     TensorQuantizer(disabled)
model.22.m.0.1.attn.pe.conv.input_quantizer                                      TensorQuantizer(8 bit fake per-tensor amax=11.9757 calibrator=MaxCalibrator quant)
model.22.m.0.1.attn.pe.conv.output_quantizer                                     TensorQuantizer(disabled)
model.22.m.0.1.attn.pe.conv.weight_quantizer                                     TensorQuantizer(8 bit fake axis=0 amax=[0.0494, 0.3120](128) calibrator=MaxCalibrator quant)
model.22.m.0.1.attn.pe.bn.input_quantizer                                        TensorQuantizer(disabled)
model.22.m.0.1.attn.pe.bn.output_quantizer                                       TensorQuantizer(disabled)
model.22.m.0.1.ffn.0.conv.input_quantizer                                        TensorQuantizer(8 bit fake per-tensor amax=12.2876 calibrator=MaxCalibrator quant)
model.22.m.0.1.ffn.0.conv.output_quantizer                                       TensorQuantizer(disabled)
model.22.m.0.1.ffn.0.conv.weight_quantizer                                       TensorQuantizer(8 bit fake axis=0 amax=[0.0717, 0.3049](256) calibrator=MaxCalibrator quant)
model.22.m.0.1.ffn.0.bn.input_quantizer                                          TensorQuantizer(disabled)
model.22.m.0.1.ffn.0.bn.output_quantizer                                         TensorQuantizer(disabled)
model.22.m.0.1.ffn.1.conv.input_quantizer                                        TensorQuantizer(8 bit fake per-tensor amax=19.7618 calibrator=MaxCalibrator quant)
model.22.m.0.1.ffn.1.conv.output_quantizer                                       TensorQuantizer(disabled)
model.22.m.0.1.ffn.1.conv.weight_quantizer                                       TensorQuantizer(8 bit fake axis=0 amax=[0.0894, 0.2998](128) calibrator=MaxCalibrator quant)
model.22.m.0.1.ffn.1.bn.input_quantizer                                          TensorQuantizer(disabled)
model.22.m.0.1.ffn.1.bn.output_quantizer                                         TensorQuantizer(disabled)
model.23.cv2.0.0.conv.input_quantizer                                            TensorQuantizer(8 bit fake per-tensor amax=5.0909 calibrator=MaxCalibrator quant)
model.23.cv2.0.0.conv.output_quantizer                                           TensorQuantizer(disabled)
model.23.cv2.0.0.conv.weight_quantizer                                           TensorQuantizer(8 bit fake axis=0 amax=[0.4458, 1.1875](16) calibrator=MaxCalibrator quant)
model.23.cv2.0.0.bn.input_quantizer                                              TensorQuantizer(disabled)
model.23.cv2.0.0.bn.output_quantizer                                             TensorQuantizer(disabled)
model.23.cv2.0.1.conv.input_quantizer                                            TensorQuantizer(8 bit fake per-tensor amax=16.3925 calibrator=MaxCalibrator quant)
model.23.cv2.0.1.conv.output_quantizer                                           TensorQuantizer(disabled)
model.23.cv2.0.1.conv.weight_quantizer                                           TensorQuantizer(8 bit fake axis=0 amax=[0.7256, 2.8672](16) calibrator=MaxCalibrator quant)
model.23.cv2.0.1.bn.input_quantizer                                              TensorQuantizer(disabled)
model.23.cv2.0.1.bn.output_quantizer                                             TensorQuantizer(disabled)
model.23.cv2.0.2.input_quantizer                                                 TensorQuantizer(8 bit fake per-tensor amax=4.9728 calibrator=MaxCalibrator quant)
model.23.cv2.0.2.output_quantizer                                                TensorQuantizer(disabled)
model.23.cv2.0.2.weight_quantizer                                                TensorQuantizer(8 bit fake axis=0 amax=[1.1846, 1.6523](4) calibrator=MaxCalibrator quant)
model.23.cv2.1.0.conv.input_quantizer                                            TensorQuantizer(8 bit fake per-tensor amax=5.8221 calibrator=MaxCalibrator quant)
model.23.cv2.1.0.conv.output_quantizer                                           TensorQuantizer(disabled)
model.23.cv2.1.0.conv.weight_quantizer                                           TensorQuantizer(8 bit fake axis=0 amax=[0.4500, 1.4883](16) calibrator=MaxCalibrator quant)
model.23.cv2.1.0.bn.input_quantizer                                              TensorQuantizer(disabled)
model.23.cv2.1.0.bn.output_quantizer                                             TensorQuantizer(disabled)
model.23.cv2.1.1.conv.input_quantizer                                            TensorQuantizer(8 bit fake per-tensor amax=13.7526 calibrator=MaxCalibrator quant)
model.23.cv2.1.1.conv.output_quantizer                                           TensorQuantizer(disabled)
model.23.cv2.1.1.conv.weight_quantizer                                           TensorQuantizer(8 bit fake axis=0 amax=[0.7295, 2.5273](16) calibrator=MaxCalibrator quant)
model.23.cv2.1.1.bn.input_quantizer                                              TensorQuantizer(disabled)
model.23.cv2.1.1.bn.output_quantizer                                             TensorQuantizer(disabled)
model.23.cv2.1.2.input_quantizer                                                 TensorQuantizer(8 bit fake per-tensor amax=5.9917 calibrator=MaxCalibrator quant)
model.23.cv2.1.2.output_quantizer                                                TensorQuantizer(disabled)
model.23.cv2.1.2.weight_quantizer                                                TensorQuantizer(8 bit fake axis=0 amax=[1.4834, 1.7627](4) calibrator=MaxCalibrator quant)
model.23.cv2.2.0.conv.input_quantizer                                            TensorQuantizer(8 bit fake per-tensor amax=17.0880 calibrator=MaxCalibrator quant)
model.23.cv2.2.0.conv.output_quantizer                                           TensorQuantizer(disabled)
model.23.cv2.2.0.conv.weight_quantizer                                           TensorQuantizer(8 bit fake axis=0 amax=[0.2018, 0.7031](16) calibrator=MaxCalibrator quant)
model.23.cv2.2.0.bn.input_quantizer                                              TensorQuantizer(disabled)
model.23.cv2.2.0.bn.output_quantizer                                             TensorQuantizer(disabled)
model.23.cv2.2.1.conv.input_quantizer                                            TensorQuantizer(8 bit fake per-tensor amax=11.5364 calibrator=MaxCalibrator quant)
model.23.cv2.2.1.conv.output_quantizer                                           TensorQuantizer(disabled)
model.23.cv2.2.1.conv.weight_quantizer                                           TensorQuantizer(8 bit fake axis=0 amax=[0.4128, 1.5693](16) calibrator=MaxCalibrator quant)
model.23.cv2.2.1.bn.input_quantizer                                              TensorQuantizer(disabled)
model.23.cv2.2.1.bn.output_quantizer                                             TensorQuantizer(disabled)
model.23.cv2.2.2.input_quantizer                                                 TensorQuantizer(8 bit fake per-tensor amax=9.6277 calibrator=MaxCalibrator quant)
model.23.cv2.2.2.output_quantizer                                                TensorQuantizer(disabled)
model.23.cv2.2.2.weight_quantizer                                                TensorQuantizer(8 bit fake axis=0 amax=[0.9780, 1.3682](4) calibrator=MaxCalibrator quant)
model.23.cv3.0.0.0.conv.input_quantizer                                          TensorQuantizer(8 bit fake per-tensor amax=5.0909 calibrator=MaxCalibrator quant)
model.23.cv3.0.0.0.conv.output_quantizer                                         TensorQuantizer(disabled)
model.23.cv3.0.0.0.conv.weight_quantizer                                         TensorQuantizer(8 bit fake axis=0 amax=[0.1241, 0.7866](64) calibrator=MaxCalibrator quant)
model.23.cv3.0.0.0.bn.input_quantizer                                            TensorQuantizer(disabled)
model.23.cv3.0.0.0.bn.output_quantizer                                           TensorQuantizer(disabled)
model.23.cv3.0.0.1.conv.input_quantizer                                          TensorQuantizer(8 bit fake per-tensor amax=21.0377 calibrator=MaxCalibrator quant)
model.23.cv3.0.0.1.conv.output_quantizer                                         TensorQuantizer(disabled)
model.23.cv3.0.0.1.conv.weight_quantizer                                         TensorQuantizer(8 bit fake axis=0 amax=[0.5054, 1.3730](64) calibrator=MaxCalibrator quant)
model.23.cv3.0.0.1.bn.input_quantizer                                            TensorQuantizer(disabled)
model.23.cv3.0.0.1.bn.output_quantizer                                           TensorQuantizer(disabled)
model.23.cv3.0.1.0.conv.input_quantizer                                          TensorQuantizer(8 bit fake per-tensor amax=11.4237 calibrator=MaxCalibrator quant)
model.23.cv3.0.1.0.conv.output_quantizer                                         TensorQuantizer(disabled)
model.23.cv3.0.1.0.conv.weight_quantizer                                         TensorQuantizer(8 bit fake axis=0 amax=[0.2837, 1.2432](64) calibrator=MaxCalibrator quant)
model.23.cv3.0.1.0.bn.input_quantizer                                            TensorQuantizer(disabled)
model.23.cv3.0.1.0.bn.output_quantizer                                           TensorQuantizer(disabled)
model.23.cv3.0.1.1.conv.input_quantizer                                          TensorQuantizer(8 bit fake per-tensor amax=11.4576 calibrator=MaxCalibrator quant)
model.23.cv3.0.1.1.conv.output_quantizer                                         TensorQuantizer(disabled)
model.23.cv3.0.1.1.conv.weight_quantizer                                         TensorQuantizer(8 bit fake axis=0 amax=[0.5190, 1.2383](64) calibrator=MaxCalibrator quant)
model.23.cv3.0.1.1.bn.input_quantizer                                            TensorQuantizer(disabled)
model.23.cv3.0.1.1.bn.output_quantizer                                           TensorQuantizer(disabled)
model.23.cv3.0.2.input_quantizer                                                 TensorQuantizer(8 bit fake per-tensor amax=8.2066 calibrator=MaxCalibrator quant)
model.23.cv3.0.2.output_quantizer                                                TensorQuantizer(disabled)
model.23.cv3.0.2.weight_quantizer                                                TensorQuantizer(8 bit fake axis=0 amax=0.9961 calibrator=MaxCalibrator quant)
model.23.cv3.1.0.0.conv.input_quantizer                                          TensorQuantizer(8 bit fake per-tensor amax=5.8221 calibrator=MaxCalibrator quant)
model.23.cv3.1.0.0.conv.output_quantizer                                         TensorQuantizer(disabled)
model.23.cv3.1.0.0.conv.weight_quantizer                                         TensorQuantizer(8 bit fake axis=0 amax=[0.1862, 0.7808](128) calibrator=MaxCalibrator quant)
model.23.cv3.1.0.0.bn.input_quantizer                                            TensorQuantizer(disabled)
model.23.cv3.1.0.0.bn.output_quantizer                                           TensorQuantizer(disabled)
model.23.cv3.1.0.1.conv.input_quantizer                                          TensorQuantizer(8 bit fake per-tensor amax=14.4509 calibrator=MaxCalibrator quant)
model.23.cv3.1.0.1.conv.output_quantizer                                         TensorQuantizer(disabled)
model.23.cv3.1.0.1.conv.weight_quantizer                                         TensorQuantizer(8 bit fake axis=0 amax=[0.3777, 0.9258](64) calibrator=MaxCalibrator quant)
model.23.cv3.1.0.1.bn.input_quantizer                                            TensorQuantizer(disabled)
model.23.cv3.1.0.1.bn.output_quantizer                                           TensorQuantizer(disabled)
model.23.cv3.1.1.0.conv.input_quantizer                                          TensorQuantizer(8 bit fake per-tensor amax=9.9939 calibrator=MaxCalibrator quant)
model.23.cv3.1.1.0.conv.output_quantizer                                         TensorQuantizer(disabled)
model.23.cv3.1.1.0.conv.weight_quantizer                                         TensorQuantizer(8 bit fake axis=0 amax=[0.2079, 1.1143](64) calibrator=MaxCalibrator quant)
model.23.cv3.1.1.0.bn.input_quantizer                                            TensorQuantizer(disabled)
model.23.cv3.1.1.0.bn.output_quantizer                                           TensorQuantizer(disabled)
model.23.cv3.1.1.1.conv.input_quantizer                                          TensorQuantizer(8 bit fake per-tensor amax=20.1244 calibrator=MaxCalibrator quant)
model.23.cv3.1.1.1.conv.output_quantizer                                         TensorQuantizer(disabled)
model.23.cv3.1.1.1.conv.weight_quantizer                                         TensorQuantizer(8 bit fake axis=0 amax=[0.3345, 0.9927](64) calibrator=MaxCalibrator quant)
model.23.cv3.1.1.1.bn.input_quantizer                                            TensorQuantizer(disabled)
model.23.cv3.1.1.1.bn.output_quantizer                                           TensorQuantizer(disabled)
model.23.cv3.1.2.input_quantizer                                                 TensorQuantizer(8 bit fake per-tensor amax=14.3214 calibrator=MaxCalibrator quant)
model.23.cv3.1.2.output_quantizer                                                TensorQuantizer(disabled)
model.23.cv3.1.2.weight_quantizer                                                TensorQuantizer(8 bit fake axis=0 amax=0.8271 calibrator=MaxCalibrator quant)
model.23.cv3.2.0.0.conv.input_quantizer                                          TensorQuantizer(8 bit fake per-tensor amax=17.0880 calibrator=MaxCalibrator quant)
model.23.cv3.2.0.0.conv.output_quantizer                                         TensorQuantizer(disabled)
model.23.cv3.2.0.0.conv.weight_quantizer                                         TensorQuantizer(8 bit fake axis=0 amax=[0.0419, 0.5591](256) calibrator=MaxCalibrator quant)
model.23.cv3.2.0.0.bn.input_quantizer                                            TensorQuantizer(disabled)
model.23.cv3.2.0.0.bn.output_quantizer                                           TensorQuantizer(disabled)
model.23.cv3.2.0.1.conv.input_quantizer                                          TensorQuantizer(8 bit fake per-tensor amax=15.9892 calibrator=MaxCalibrator quant)
model.23.cv3.2.0.1.conv.output_quantizer                                         TensorQuantizer(disabled)
model.23.cv3.2.0.1.conv.weight_quantizer                                         TensorQuantizer(8 bit fake axis=0 amax=[0.1970, 0.7466](64) calibrator=MaxCalibrator quant)
model.23.cv3.2.0.1.bn.input_quantizer                                            TensorQuantizer(disabled)
model.23.cv3.2.0.1.bn.output_quantizer                                           TensorQuantizer(disabled)
model.23.cv3.2.1.0.conv.input_quantizer                                          TensorQuantizer(8 bit fake per-tensor amax=7.9301 calibrator=MaxCalibrator quant)
model.23.cv3.2.1.0.conv.output_quantizer                                         TensorQuantizer(disabled)
model.23.cv3.2.1.0.conv.weight_quantizer                                         TensorQuantizer(8 bit fake axis=0 amax=[0.1378, 0.7705](64) calibrator=MaxCalibrator quant)
model.23.cv3.2.1.0.bn.input_quantizer                                            TensorQuantizer(disabled)
model.23.cv3.2.1.0.bn.output_quantizer                                           TensorQuantizer(disabled)
model.23.cv3.2.1.1.conv.input_quantizer                                          TensorQuantizer(8 bit fake per-tensor amax=12.4340 calibrator=MaxCalibrator quant)
model.23.cv3.2.1.1.conv.output_quantizer                                         TensorQuantizer(disabled)
model.23.cv3.2.1.1.conv.weight_quantizer                                         TensorQuantizer(8 bit fake axis=0 amax=[0.0548, 1.1914](64) calibrator=MaxCalibrator quant)
model.23.cv3.2.1.1.bn.input_quantizer                                            TensorQuantizer(disabled)
model.23.cv3.2.1.1.bn.output_quantizer                                           TensorQuantizer(disabled)
model.23.cv3.2.2.input_quantizer                                                 TensorQuantizer(8 bit fake per-tensor amax=9.3797 calibrator=MaxCalibrator quant)
model.23.cv3.2.2.output_quantizer                                                TensorQuantizer(disabled)
model.23.cv3.2.2.weight_quantizer                                                TensorQuantizer(8 bit fake axis=0 amax=0.7100 calibrator=MaxCalibrator quant)
model.23.one2one_cv2.0.0.conv.input_quantizer                                    TensorQuantizer(8 bit fake per-tensor amax=5.0909 calibrator=MaxCalibrator quant)
model.23.one2one_cv2.0.0.conv.output_quantizer                                   TensorQuantizer(disabled)
model.23.one2one_cv2.0.0.conv.weight_quantizer                                   TensorQuantizer(8 bit fake axis=0 amax=[0.6631, 1.5020](16) calibrator=MaxCalibrator quant)
model.23.one2one_cv2.0.0.bn.input_quantizer                                      TensorQuantizer(disabled)
model.23.one2one_cv2.0.0.bn.output_quantizer                                     TensorQuantizer(disabled)
model.23.one2one_cv2.0.1.conv.input_quantizer                                    TensorQuantizer(8 bit fake per-tensor amax=15.3640 calibrator=MaxCalibrator quant)
model.23.one2one_cv2.0.1.conv.output_quantizer                                   TensorQuantizer(disabled)
model.23.one2one_cv2.0.1.conv.weight_quantizer                                   TensorQuantizer(8 bit fake axis=0 amax=[0.8950, 3.4258](16) calibrator=MaxCalibrator quant)
model.23.one2one_cv2.0.1.bn.input_quantizer                                      TensorQuantizer(disabled)
model.23.one2one_cv2.0.1.bn.output_quantizer                                     TensorQuantizer(disabled)
model.23.one2one_cv2.0.2.input_quantizer                                         TensorQuantizer(8 bit fake per-tensor amax=3.6364 calibrator=MaxCalibrator quant)
model.23.one2one_cv2.0.2.output_quantizer                                        TensorQuantizer(disabled)
model.23.one2one_cv2.0.2.weight_quantizer                                        TensorQuantizer(8 bit fake axis=0 amax=[1.6299, 2.8320](4) calibrator=MaxCalibrator quant)
model.23.one2one_cv2.1.0.conv.input_quantizer                                    TensorQuantizer(8 bit fake per-tensor amax=5.8221 calibrator=MaxCalibrator quant)
model.23.one2one_cv2.1.0.conv.output_quantizer                                   TensorQuantizer(disabled)
model.23.one2one_cv2.1.0.conv.weight_quantizer                                   TensorQuantizer(8 bit fake axis=0 amax=[0.4944, 1.3008](16) calibrator=MaxCalibrator quant)
model.23.one2one_cv2.1.0.bn.input_quantizer                                      TensorQuantizer(disabled)
model.23.one2one_cv2.1.0.bn.output_quantizer                                     TensorQuantizer(disabled)
model.23.one2one_cv2.1.1.conv.input_quantizer                                    TensorQuantizer(8 bit fake per-tensor amax=10.7304 calibrator=MaxCalibrator quant)
model.23.one2one_cv2.1.1.conv.output_quantizer                                   TensorQuantizer(disabled)
model.23.one2one_cv2.1.1.conv.weight_quantizer                                   TensorQuantizer(8 bit fake axis=0 amax=[0.6743, 2.2305](16) calibrator=MaxCalibrator quant)
model.23.one2one_cv2.1.1.bn.input_quantizer                                      TensorQuantizer(disabled)
model.23.one2one_cv2.1.1.bn.output_quantizer                                     TensorQuantizer(disabled)
model.23.one2one_cv2.1.2.input_quantizer                                         TensorQuantizer(8 bit fake per-tensor amax=5.2704 calibrator=MaxCalibrator quant)
model.23.one2one_cv2.1.2.output_quantizer                                        TensorQuantizer(disabled)
model.23.one2one_cv2.1.2.weight_quantizer                                        TensorQuantizer(8 bit fake axis=0 amax=[1.6084, 2.2012](4) calibrator=MaxCalibrator quant)
model.23.one2one_cv2.2.0.conv.input_quantizer                                    TensorQuantizer(8 bit fake per-tensor amax=17.0880 calibrator=MaxCalibrator quant)
model.23.one2one_cv2.2.0.conv.output_quantizer                                   TensorQuantizer(disabled)
model.23.one2one_cv2.2.0.conv.weight_quantizer                                   TensorQuantizer(8 bit fake axis=0 amax=[0.2394, 0.5337](16) calibrator=MaxCalibrator quant)
model.23.one2one_cv2.2.0.bn.input_quantizer                                      TensorQuantizer(disabled)
model.23.one2one_cv2.2.0.bn.output_quantizer                                     TensorQuantizer(disabled)
model.23.one2one_cv2.2.1.conv.input_quantizer                                    TensorQuantizer(8 bit fake per-tensor amax=9.3889 calibrator=MaxCalibrator quant)
model.23.one2one_cv2.2.1.conv.output_quantizer                                   TensorQuantizer(disabled)
model.23.one2one_cv2.2.1.conv.weight_quantizer                                   TensorQuantizer(8 bit fake axis=0 amax=[0.2710, 1.0420](16) calibrator=MaxCalibrator quant)
model.23.one2one_cv2.2.1.bn.input_quantizer                                      TensorQuantizer(disabled)
model.23.one2one_cv2.2.1.bn.output_quantizer                                     TensorQuantizer(disabled)
model.23.one2one_cv2.2.2.input_quantizer                                         TensorQuantizer(8 bit fake per-tensor amax=10.2411 calibrator=MaxCalibrator quant)
model.23.one2one_cv2.2.2.output_quantizer                                        TensorQuantizer(disabled)
model.23.one2one_cv2.2.2.weight_quantizer                                        TensorQuantizer(8 bit fake axis=0 amax=[1.0293, 1.4541](4) calibrator=MaxCalibrator quant)
model.23.one2one_cv3.0.0.0.conv.input_quantizer                                  TensorQuantizer(8 bit fake per-tensor amax=5.0909 calibrator=MaxCalibrator quant)
model.23.one2one_cv3.0.0.0.conv.output_quantizer                                 TensorQuantizer(disabled)
model.23.one2one_cv3.0.0.0.conv.weight_quantizer                                 TensorQuantizer(8 bit fake axis=0 amax=[0.5176, 1.6357](64) calibrator=MaxCalibrator quant)
model.23.one2one_cv3.0.0.0.bn.input_quantizer                                    TensorQuantizer(disabled)
model.23.one2one_cv3.0.0.0.bn.output_quantizer                                   TensorQuantizer(disabled)
model.23.one2one_cv3.0.0.1.conv.input_quantizer                                  TensorQuantizer(8 bit fake per-tensor amax=28.2582 calibrator=MaxCalibrator quant)
model.23.one2one_cv3.0.0.1.conv.output_quantizer                                 TensorQuantizer(disabled)
model.23.one2one_cv3.0.0.1.conv.weight_quantizer                                 TensorQuantizer(8 bit fake axis=0 amax=[0.6826, 2.4023](64) calibrator=MaxCalibrator quant)
model.23.one2one_cv3.0.0.1.bn.input_quantizer                                    TensorQuantizer(disabled)
model.23.one2one_cv3.0.0.1.bn.output_quantizer                                   TensorQuantizer(disabled)
model.23.one2one_cv3.0.1.0.conv.input_quantizer                                  TensorQuantizer(8 bit fake per-tensor amax=10.3409 calibrator=MaxCalibrator quant)
model.23.one2one_cv3.0.1.0.conv.output_quantizer                                 TensorQuantizer(disabled)
model.23.one2one_cv3.0.1.0.conv.weight_quantizer                                 TensorQuantizer(8 bit fake axis=0 amax=[0.4619, 2.0684](64) calibrator=MaxCalibrator quant)
model.23.one2one_cv3.0.1.0.bn.input_quantizer                                    TensorQuantizer(disabled)
model.23.one2one_cv3.0.1.0.bn.output_quantizer                                   TensorQuantizer(disabled)
model.23.one2one_cv3.0.1.1.conv.input_quantizer                                  TensorQuantizer(8 bit fake per-tensor amax=26.6869 calibrator=MaxCalibrator quant)
model.23.one2one_cv3.0.1.1.conv.output_quantizer                                 TensorQuantizer(disabled)
model.23.one2one_cv3.0.1.1.conv.weight_quantizer                                 TensorQuantizer(8 bit fake axis=0 amax=[0.6689, 1.6260](64) calibrator=MaxCalibrator quant)
model.23.one2one_cv3.0.1.1.bn.input_quantizer                                    TensorQuantizer(disabled)
model.23.one2one_cv3.0.1.1.bn.output_quantizer                                   TensorQuantizer(disabled)
model.23.one2one_cv3.0.2.input_quantizer                                         TensorQuantizer(8 bit fake per-tensor amax=18.6850 calibrator=MaxCalibrator quant)
model.23.one2one_cv3.0.2.output_quantizer                                        TensorQuantizer(disabled)
model.23.one2one_cv3.0.2.weight_quantizer                                        TensorQuantizer(8 bit fake axis=0 amax=1.0352 calibrator=MaxCalibrator quant)
model.23.one2one_cv3.1.0.0.conv.input_quantizer                                  TensorQuantizer(8 bit fake per-tensor amax=5.8221 calibrator=MaxCalibrator quant)
model.23.one2one_cv3.1.0.0.conv.output_quantizer                                 TensorQuantizer(disabled)
model.23.one2one_cv3.1.0.0.conv.weight_quantizer                                 TensorQuantizer(8 bit fake axis=0 amax=[0.2783, 3.0742](128) calibrator=MaxCalibrator quant)
model.23.one2one_cv3.1.0.0.bn.input_quantizer                                    TensorQuantizer(disabled)
model.23.one2one_cv3.1.0.0.bn.output_quantizer                                   TensorQuantizer(disabled)
model.23.one2one_cv3.1.0.1.conv.input_quantizer                                  TensorQuantizer(8 bit fake per-tensor amax=28.4773 calibrator=MaxCalibrator quant)
model.23.one2one_cv3.1.0.1.conv.output_quantizer                                 TensorQuantizer(disabled)
model.23.one2one_cv3.1.0.1.conv.weight_quantizer                                 TensorQuantizer(8 bit fake axis=0 amax=[0.5283, 1.8047](64) calibrator=MaxCalibrator quant)
model.23.one2one_cv3.1.0.1.bn.input_quantizer                                    TensorQuantizer(disabled)
model.23.one2one_cv3.1.0.1.bn.output_quantizer                                   TensorQuantizer(disabled)
model.23.one2one_cv3.1.1.0.conv.input_quantizer                                  TensorQuantizer(8 bit fake per-tensor amax=9.9625 calibrator=MaxCalibrator quant)
model.23.one2one_cv3.1.1.0.conv.output_quantizer                                 TensorQuantizer(disabled)
model.23.one2one_cv3.1.1.0.conv.weight_quantizer                                 TensorQuantizer(8 bit fake axis=0 amax=[0.3862, 2.5820](64) calibrator=MaxCalibrator quant)
model.23.one2one_cv3.1.1.0.bn.input_quantizer                                    TensorQuantizer(disabled)
model.23.one2one_cv3.1.1.0.bn.output_quantizer                                   TensorQuantizer(disabled)
model.23.one2one_cv3.1.1.1.conv.input_quantizer                                  TensorQuantizer(8 bit fake per-tensor amax=55.7137 calibrator=MaxCalibrator quant)
model.23.one2one_cv3.1.1.1.conv.output_quantizer                                 TensorQuantizer(disabled)
model.23.one2one_cv3.1.1.1.conv.weight_quantizer                                 TensorQuantizer(8 bit fake axis=0 amax=[0.5239, 1.2969](64) calibrator=MaxCalibrator quant)
model.23.one2one_cv3.1.1.1.bn.input_quantizer                                    TensorQuantizer(disabled)
model.23.one2one_cv3.1.1.1.bn.output_quantizer                                   TensorQuantizer(disabled)
model.23.one2one_cv3.1.2.input_quantizer                                         TensorQuantizer(8 bit fake per-tensor amax=45.4015 calibrator=MaxCalibrator quant)
model.23.one2one_cv3.1.2.output_quantizer                                        TensorQuantizer(disabled)
model.23.one2one_cv3.1.2.weight_quantizer                                        TensorQuantizer(8 bit fake axis=0 amax=0.8496 calibrator=MaxCalibrator quant)
model.23.one2one_cv3.2.0.0.conv.input_quantizer                                  TensorQuantizer(8 bit fake per-tensor amax=17.0880 calibrator=MaxCalibrator quant)
model.23.one2one_cv3.2.0.0.conv.output_quantizer                                 TensorQuantizer(disabled)
model.23.one2one_cv3.2.0.0.conv.weight_quantizer                                 TensorQuantizer(8 bit fake axis=0 amax=[0.0509, 1.1377](256) calibrator=MaxCalibrator quant)
model.23.one2one_cv3.2.0.0.bn.input_quantizer                                    TensorQuantizer(disabled)
model.23.one2one_cv3.2.0.0.bn.output_quantizer                                   TensorQuantizer(disabled)
model.23.one2one_cv3.2.0.1.conv.input_quantizer                                  TensorQuantizer(8 bit fake per-tensor amax=21.8662 calibrator=MaxCalibrator quant)
model.23.one2one_cv3.2.0.1.conv.output_quantizer                                 TensorQuantizer(disabled)
model.23.one2one_cv3.2.0.1.conv.weight_quantizer                                 TensorQuantizer(8 bit fake axis=0 amax=[0.1998, 1.1416](64) calibrator=MaxCalibrator quant)
model.23.one2one_cv3.2.0.1.bn.input_quantizer                                    TensorQuantizer(disabled)
model.23.one2one_cv3.2.0.1.bn.output_quantizer                                   TensorQuantizer(disabled)
model.23.one2one_cv3.2.1.0.conv.input_quantizer                                  TensorQuantizer(8 bit fake per-tensor amax=9.1235 calibrator=MaxCalibrator quant)
model.23.one2one_cv3.2.1.0.conv.output_quantizer                                 TensorQuantizer(disabled)
model.23.one2one_cv3.2.1.0.conv.weight_quantizer                                 TensorQuantizer(8 bit fake axis=0 amax=[0.2133, 1.2734](64) calibrator=MaxCalibrator quant)
model.23.one2one_cv3.2.1.0.bn.input_quantizer                                    TensorQuantizer(disabled)
model.23.one2one_cv3.2.1.0.bn.output_quantizer                                   TensorQuantizer(disabled)
model.23.one2one_cv3.2.1.1.conv.input_quantizer                                  TensorQuantizer(8 bit fake per-tensor amax=23.5386 calibrator=MaxCalibrator quant)
model.23.one2one_cv3.2.1.1.conv.output_quantizer                                 TensorQuantizer(disabled)
model.23.one2one_cv3.2.1.1.conv.weight_quantizer                                 TensorQuantizer(8 bit fake axis=0 amax=[0.2981, 1.6846](64) calibrator=MaxCalibrator quant)
model.23.one2one_cv3.2.1.1.bn.input_quantizer                                    TensorQuantizer(disabled)
model.23.one2one_cv3.2.1.1.bn.output_quantizer                                   TensorQuantizer(disabled)
model.23.one2one_cv3.2.2.input_quantizer                                         TensorQuantizer(8 bit fake per-tensor amax=18.5485 calibrator=MaxCalibrator quant)
model.23.one2one_cv3.2.2.output_quantizer                                        TensorQuantizer(disabled)
model.23.one2one_cv3.2.2.weight_quantizer                                        TensorQuantizer(8 bit fake axis=0 amax=0.9834 calibrator=MaxCalibrator quant)
608 TensorQuantizers found in model
[QAT] inserted 608 TensorQuantizers (253 with scales) -- this is the reload gate target
[34m[1mtrain: [0mFast image access ✅ (ping: 0.3±0.0 ms, read: 188.5±44.1 MB/s, size: 153.2 KB)
[K[34m[1mtrain: [0mScanning /home/zcemml1/medtronic_qat_data/datasets/sanoscience_yolo_full_nonexpert_stereo/labels/train.cache... 20756 images, 0 backgrounds, 0 corrupt: 100% ━━━━━━━━━━━━ 20756/20756 1.2Git/s 0.0s
[34m[1mval: [0mFast image access ✅ (ping: 0.3±0.0 ms, read: 169.6±28.6 MB/s, size: 136.2 KB)
[K[34m[1mval: [0mScanning /home/zcemml1/medtronic_qat_data/datasets/sanoscience_yolo_full_nonexpert_stereo/labels/val.cache... 6449 images, 0 backgrounds, 0 corrupt: 100% ━━━━━━━━━━━━ 6449/6449 185.3Mit/s 0.0s
[34m[1moptimizer:[0m 'optimizer=auto' found, ignoring 'lr0=0.001' and 'momentum=0.937' and determining best 'optimizer', 'lr0' and 'momentum' automatically... 
[34m[1moptimizer:[0m MuSGD(lr=0.01, momentum=0.9) with parameter groups 114 weight(decay=0.0), 126 weight(decay=0.0005), 126 bias(decay=0.0)
Image sizes 640 train, 640 val
Using 4 dataloader workers
Logging results to [1m/tmp/zcemml1_qat/week8_frozen_qat0[0m
Starting training for 100 epochs...

      Epoch    GPU_mem   box_loss   cls_loss   dfl_loss  Instances       Size
Loading extension modelopt_cuda_ext...
Loaded extension modelopt_cuda_ext in 1.4 seconds
[K      1/100      6.54G      1.838      2.603    0.01395         50        640: 0% ──────────── 0/1298  7.3s[K      1/100      6.55G      1.915      2.694    0.01165         23        640: 0% ──────────── 1/1298 1.4s/it 7.7s<29:15[K      1/100      6.55G      1.899      2.475    0.01077         32        640: 0% ──────────── 2/1298 1.3it/s 8.1s<16:50[K      1/100      6.55G      1.882      2.348    0.01124         41        640: 0% ──────────── 3/1298 1.7it/s 8.5s<12:55[K      1/100      6.55G      1.857      2.268     0.0102         48        640: 0% ──────────── 4/1298 1.9it/s 8.9s<11:15[K      1/100      6.55G      1.875      2.209   0.009863         37        640: 0% ──────────── 5/1298 2.1it/s 9.3s<10:28[K      1/100      6.55G      1.926      2.245   0.009602         46        640: 0% ──────────── 6/1298 2.2it/s 9.7s<9:50[K      1/100      6.55G      1.921      2.224   0.009396         39        640: 0% ──────────── 7/1298 2.3it/s 10.1s<9:22[K      1/100      6.55G      1.928      2.237   0.009657         32        640: 0% ──────────── 8/1298 2.3it/s 10.5s<9:09[K      1/100      6.55G      1.903      2.251   0.009437         26        640: 0% ──────────── 9/1298 2.3it/s 10.9s<9:10[K      1/100      6.55G      1.886      2.257   0.009719         31        640: 0% ──────────── 10/1298 2.4it/s 11.3s<8:59[K      1/100      6.55G      1.861      2.236   0.009483         35        640: 0% ──────────── 11/1298 2.5it/s 11.7s<8:45[K      1/100      6.55G       1.88      2.274   0.009743         41        640: 0% ──────────── 12/1298 2.2it/s 12.3s<9:51[K      1/100      6.55G      1.874      2.264   0.009597         42        640: 1% ──────────── 13/1298 2.3it/s 12.7s<9:22[K      1/100      6.55G      1.871      2.246   0.009528         34        640: 1% ──────────── 14/1298 2.4it/s 13.1s<9:01[K      1/100      6.55G      1.861      2.241   0.009308         30        640: 1% ──────────── 15/1298 2.4it/s 13.5s<8:48[K      1/100      6.55G      1.861      2.235   0.009323         43        640: 1% ──────────── 16/1298 2.5it/s 13.9s<8:39[K      1/100      6.55G      1.858      2.236    0.00939         27        640: 1% ──────────── 17/1298 2.5it/s 14.3s<8:37[K      1/100      6.55G      1.854       2.22   0.009376         33        640: 1% ──────────── 18/1298 2.5it/s 14.7s<8:32[K      1/100      6.55G      1.871      2.226   0.009381         39        640: 1% ──────────── 19/1298 2.5it/s 15.1s<8:33[K      1/100      6.55G      1.856      2.225    0.00928         40        640: 1% ──────────── 20/1298 2.5it/s 15.5s<8:28[K      1/100      6.55G      1.848      2.216   0.009233         32        640: 1% ──────────── 21/1298 2.5it/s 15.9s<8:31[K      1/100      6.55G      1.858      2.212   0.009231         39        640: 1% ──────────── 22/1298 2.5it/s 16.3s<8:28[K      1/100      6.55G      1.863      2.192   0.009243         49        640: 1% ──────────── 23/1298 2.5it/s 16.7s<8:26[K      1/100      6.55G      1.865      2.199   0.009288         36        640: 1% ──────────── 24/1298 2.5it/s 17.1s<8:25[K      1/100      6.55G      1.852      2.186   0.009182         31        640: 1% ──────────── 25/1298 2.3it/s 17.6s<9:10[K      1/100      6.55G      1.862      2.198   0.009218         40        640: 2% ──────────── 26/1298 2.1it/s 18.2s<9:57[K      1/100      6.55G      1.864      2.195   0.009235         39        640: 2% ──────────── 27/1298 2.0it/s 18.8s<10:32[K      1/100      6.55G      1.867      2.209   0.009268         25        640: 2% ──────────── 28/1298 1.9it/s 19.4s<11:02[K      1/100      6.55G      1.883      2.206   0.009351         36        640: 2% ──────────── 29/1298 1.9it/s 19.9s<11:13[K      1/100      6.55G       1.88      2.193   0.009303         38        640: 2% ──────────── 30/1298 2.1it/s 20.3s<10:15[K      1/100      6.55G      1.879      2.177   0.009252         53        640: 2% ──────────── 31/1298 2.2it/s 20.7s<9:39[K      1/100      6.55G      1.878      2.173     0.0092         43        640: 2% ──────────── 32/1298 2.3it/s 21.1s<9:12[K      1/100      6.55G      1.876      2.178   0.009221         33        640: 2% ──────────── 33/1298 2.4it/s 21.5s<8:57[K      1/100      6.55G      1.879      2.176   0.009297         34        640: 2% ──────────── 34/1298 2.4it/s 21.9s<8:44[K      1/100      6.55G       1.88      2.178   0.009319         41        640: 2% ──────────── 35/1298 2.5it/s 22.3s<8:35[K      1/100      6.55G      1.881      2.171   0.009282         55        640: 2% ──────────── 36/1298 2.5it/s 22.7s<8:28[K      1/100      6.55G      1.869      2.183   0.009216         18        640: 2% ──────────── 37/1298 2.5it/s 23.1s<8:34[K      1/100      6.55G      1.872      2.179   0.009208         27        640: 2% ──────────── 38/1298 2.5it/s 23.5s<8:29[K      1/100      6.55G       1.87      2.167   0.009143         50        640: 3% ──────────── 39/1298 2.5it/s 23.9s<8:24[K      1/100      6.55G       1.87      2.157    0.00911         56        640: 3% ──────────── 40/1298 2.5it/s 24.3s<8:23[K      1/100      6.55G      1.871      2.151    0.00907         49        640: 3% ──────────── 41/1298 2.5it/s 24.7s<8:19[K      1/100      6.55G      1.869      2.144    0.00903         46        640: 3% ──────────── 42/1298 2.5it/s 25.1s<8:17[K      1/100      6.55G      1.856      2.137   0.009003         40        640: 3% ──────────── 43/1298 2.5it/s 25.5s<8:17[K      1/100      6.55G      1.859      2.134   0.008948         47        640: 3% ──────────── 44/1298 2.5it/s 25.9s<8:15[K      1/100      6.55G      1.855      2.128   0.008903         53        640: 3% ──────────── 45/1298 2.5it/s 26.3s<8:15[K      1/100      6.55G      1.856      2.125   0.008861         38        640: 3% ──────────── 46/1298 2.5it/s 26.7s<8:16[K      1/100      6.55G      1.852      2.128   0.008856         31        640: 3% ──────────── 47/1298 2.5it/s 27.1s<8:15[K      1/100      6.55G      1.853      2.127   0.008794         38        640: 3% ──────────── 48/1298 2.5it/s 27.5s<8:14[K      1/100      6.55G      1.847      2.131   0.008772         33        640: 3% ──────────── 49/1298 2.5it/s 27.9s<8:16[K      1/100      6.55G      1.841      2.124   0.008733         50        640: 3% ──────────── 50/1298 2.5it/s 28.3s<8:14[K      1/100      6.55G      1.838      2.117   0.008723         42        640: 3% ──────────── 51/1298 2.5it/s 28.7s<8:15[K      1/100      6.55G      1.836      2.109   0.008692         54        640: 4% ──────────── 52/1298 2.5it/s 29.1s<8:18[K      1/100      6.55G      1.834      2.109   0.008656         37        640: 4% ──────────── 53/1298 2.5it/s 29.5s<8:17[K      1/100      6.55G      1.831      2.109   0.008632         35        640: 4% ──────────── 54/1298 2.5it/s 29.9s<8:18[K      1/100      6.55G       1.83      2.108   0.008614         35        640: 4% ╸─────────── 55/1298 2.5it/s 30.3s<8:21[K      1/100      6.55G      1.829        2.1   0.008571         45        640: 4% ╸─────────── 56/1298 2.5it/s 30.7s<8:18[K      1/100      6.55G      1.825      2.097   0.008552         33        640: 4% ╸─────────── 57/1298 2.5it/s 31.1s<8:18[K      1/100      6.55G      1.828      2.095   0.008503         34        640: 4% ╸─────────── 58/1298 2.5it/s 31.5s<8:20[K      1/100      6.55G      1.829      2.091   0.008472         47        640: 4% ╸─────────── 59/1298 2.5it/s 31.9s<8:18[K      1/100      6.55G      1.828       2.09   0.008444         32        640: 4% ╸─────────── 60/1298 2.5it/s 32.3s<8:15[K      1/100      6.55G      1.824      2.082   0.008429         38        640: 4% ╸─────────── 61/1298 2.5it/s 32.7s<8:13[K      1/100      6.55G      1.821      2.085   0.008404         30        640: 4% ╸─────────── 62/1298 2.5it/s 33.0s<8:05[K      1/100      6.55G      1.819      2.075   0.008382         36        640: 4% ╸─────────── 63/1298 2.6it/s 33.4s<7:59[K      1/100      6.55G      1.818      2.075   0.008379         30        640: 4% ╸─────────── 64/1298 2.6it/s 33.8s<7:59[K      1/100      6.55G      1.816      2.077   0.008361         43        640: 5% ╸─────────── 65/1298 2.6it/s 34.2s<8:00[K      1/100      6.55G      1.813      2.073   0.008341         34        640: 5% ╸─────────── 66/1298 2.6it/s 34.6s<7:59[K      1/100      6.55G       1.81      2.066   0.008325         46        640: 5% ╸─────────── 67/1298 2.6it/s 35.0s<8:02[K      1/100      6.55G      1.811      2.063   0.008318         39        640: 5% ╸─────────── 68/1298 2.5it/s 35.4s<8:03[K      1/100      6.55G      1.809      2.058   0.008291         37        640: 5% ╸─────────── 69/1298 2.5it/s 35.8s<8:03[K      1/100      6.55G      1.805       2.05   0.008266         41        640: 5% ╸─────────── 70/1298 2.6it/s 36.2s<8:00[K      1/100      6.55G      1.798      2.041   0.008229         38        640: 5% ╸─────────── 71/1298 2.6it/s 36.6s<7:58[K      1/100      6.55G      1.794      2.049   0.008236         20        640: 5% ╸─────────── 72/1298 2.6it/s 36.9s<7:56[K      1/100      6.55G      1.793      2.051   0.008217         34        640: 5% ╸─────────── 73/1298 2.6it/s 37.3s<7:55[K      1/100      6.55G      1.791      2.043   0.008189         55        640: 5% ╸─────────── 74/1298 2.6it/s 37.7s<7:56[K      1/100      6.55G      1.789      2.036   0.008171         45        640: 5% ╸─────────── 75/1298 2.6it/s 38.1s<7:54[K      1/100      6.55G      1.785      2.028   0.008141         43        640: 5% ╸─────────── 76/1298 2.6it/s 38.5s<7:52[K      1/100      6.55G      1.781      2.024   0.008121         39        640: 5% ╸─────────── 77/1298 2.6it/s 38.9s<7:54[K      1/100      6.55G      1.779      2.019   0.008092         37        640: 6% ╸─────────── 78/1298 2.6it/s 39.3s<7:52[K      1/100      6.55G      1.776      2.012   0.008062         35        640: 6% ╸─────────── 79/1298 2.6it/s 39.6s<7:52[K      1/100      6.55G       1.77      2.006   0.008026         45        640: 6% ╸─────────── 80/1298 2.6it/s 40.0s<7:56[K      1/100      6.55G      1.767      2.001   0.008009         37        640: 6% ╸─────────── 81/1298 2.5it/s 40.4s<7:59[K      1/100      6.55G      1.765      2.001   0.007997         42        640: 6% ╸─────────── 82/1298 2.6it/s 40.8s<7:56[K      1/100      6.55G      1.766          2   0.007996         32        640: 6% ╸─────────── 83/1298 2.5it/s 41.2s<7:58[K      1/100      6.55G      1.763      1.995   0.007966         40        640: 6% ╸─────────── 84/1298 2.6it/s 41.6s<7:55[K      1/100      6.55G      1.763      1.995   0.007957         38        640: 6% ╸─────────── 85/1298 2.6it/s 42.0s<7:55[K      1/100      6.55G      1.759       1.99   0.007924         42        640: 6% ╸─────────── 86/1298 2.6it/s 42.4s<7:53[K      1/100      6.55G      1.761      1.989   0.007933         38        640: 6% ╸─────────── 87/1298 2.6it/s 42.8s<7:55[K      1/100      6.55G      1.758      1.991   0.007916         33        640: 6% ╸─────────── 88/1298 2.6it/s 43.2s<7:51[K      1/100      6.55G      1.755      1.987   0.007888         34        640: 6% ╸─────────── 89/1298 2.5it/s 43.6s<7:56[K      1/100      6.55G      1.751      1.987   0.007884         33        640: 6% ╸─────────── 90/1298 2.5it/s 44.0s<7:55[K      1/100      6.55G      1.748      1.985    0.00788         36        640: 7% ╸─────────── 91/1298 2.5it/s 44.4s<7:60[K      1/100      6.55G      1.747      1.979   0.007852         43        640: 7% ╸─────────── 92/1298 2.5it/s 44.8s<7:56[K      1/100      6.55G      1.744      1.974   0.007837         35        640: 7% ╸─────────── 93/1298 2.5it/s 45.2s<7:58[K      1/100      6.55G      1.741      1.977   0.007821         29        640: 7% ╸─────────── 94/1298 2.5it/s 45.6s<7:54[K      1/100      6.55G      1.739      1.975   0.007805         38        640: 7% ╸─────────── 95/1298 2.6it/s 45.9s<7:51[K      1/100      6.55G      1.736       1.97   0.007814         29        640: 7% ╸─────────── 96/1298 2.6it/s 46.3s<7:48[K      1/100      6.55G      1.733       1.97   0.007825         37        640: 7% ╸─────────── 97/1298 2.6it/s 46.7s<7:47[K      1/100      6.55G      1.729      1.967   0.007798         48        640: 7% ╸─────────── 98/1298 2.6it/s 47.1s<7:43[K      1/100      6.55G      1.726      1.962   0.007767         41        640: 7% ╸─────────── 99/1298 2.6it/s 47.5s<7:39[K      1/100      6.55G      1.724       1.96   0.007756         52        640: 7% ╸─────────── 100/1298 2.6it/s 47.9s<7:38[K      1/100      6.55G      1.723      1.958   0.007747         25        640: 7% ╸─────────── 101/1298 2.6it/s 48.2s<7:41[K      1/100      6.55G      1.719      1.952    0.00772         47        640: 7% ╸─────────── 102/1298 2.6it/s 48.6s<7:43[K      1/100      6.55G      1.715      1.944   0.007721         35        640: 7% ╸─────────── 103/1298 2.5it/s 49.0s<7:49[K      1/100      6.55G      1.713      1.947   0.007728         34        640: 8% ╸─────────── 104/1298 2.5it/s 49.4s<7:50[K      1/100      6.55G      1.712      1.943   0.007704         42        640: 8% ╸─────────── 105/1298 2.5it/s 49.8s<7:51[K      1/100      6.55G      1.708      1.948   0.007686         26        640: 8% ╸─────────── 106/1298 2.5it/s 50.2s<7:55[K      1/100      6.55G      1.706      1.948   0.007682         32        640: 8% ╸─────────── 107/1298 2.5it/s 50.6s<7:57[K      1/100      6.55G      1.706      1.941   0.007663         47        640: 8% ╸─────────── 108/1298 2.5it/s 51.1s<7:57[K      1/100      6.55G      1.704      1.936   0.007658         49        640: 8% ━─────────── 109/1298 2.5it/s 51.5s<7:57[K      1/100      6.55G      1.701      1.933   0.007637         35        640: 8% ━─────────── 110/1298 2.5it/s 51.9s<7:58[K      1/100      6.55G        1.7      1.931   0.007635         37        640: 8% ━─────────── 111/1298 2.5it/s 52.3s<7:57[K      1/100      6.55G        1.7      1.928   0.007634         48        640: 8% ━─────────── 112/1298 2.5it/s 52.7s<7:54[K      1/100      6.55G      1.699      1.927   0.007622         39        640: 8% ━─────────── 113/1298 2.5it/s 53.0s<7:50[K      1/100      6.55G      1.696      1.923    0.00762         34        640: 8% ━─────────── 114/1298 2.5it/s 53.4s<7:49[K      1/100      6.55G      1.692       1.92   0.007597         32        640: 8% ━─────────── 115/1298 2.5it/s 53.8s<7:50[K      1/100      6.55G      1.692      1.915    0.00758         49        640: 8% ━─────────── 116/1298 2.5it/s 54.2s<7:48[K      1/100      6.55G       1.69      1.914   0.007566         31        640: 9% ━─────────── 117/1298 2.5it/s 54.6s<7:46[K      1/100      6.55G      1.689      1.912   0.007553         42        640: 9% ━─────────── 118/1298 2.5it/s 55.0s<7:46[K      1/100      6.55G      1.688      1.909   0.007553         36        640: 9% ━─────────── 119/1298 2.5it/s 55.4s<7:46[K      1/100      6.55G      1.687      1.906    0.00754         46        640: 9% ━─────────── 120/1298 2.5it/s 55.8s<7:56[K      1/100      6.55G      1.686      1.906    0.00755         39        640: 9% ━─────────── 121/1298 2.3it/s 56.4s<8:32[K      1/100      6.55G      1.686      1.904   0.007549         37        640: 9% ━─────────── 122/1298 2.1it/s 56.9s<9:09[K      1/100      6.55G      1.682      1.901   0.007526         31        640: 9% ━─────────── 123/1298 2.0it/s 57.5s<9:44[K      1/100      6.55G      1.682      1.897    0.00751         46        640: 9% ━─────────── 124/1298 1.9it/s 58.1s<10:07[K      1/100      6.55G      1.682      1.895   0.007502         42        640: 9% ━─────────── 125/1298 1.9it/s 58.6s<10:16[K      1/100      6.55G      1.681      1.896   0.007492         35        640: 9% ━─────────── 126/1298 2.1it/s 59.0s<9:23[K      1/100      6.55G      1.681      1.897   0.007486         36        640: 9% ━─────────── 127/1298 2.2it/s 59.4s<8:51[K      1/100      6.55G      1.679      1.893    0.00747         33        640: 9% ━─────────── 128/1298 2.3it/s 59.8s<8:27[K      1/100      6.55G      1.677      1.892   0.007454         28        640: 9% ━─────────── 129/1298 2.4it/s 1:00<8:12[K      1/100      6.55G      1.677      1.889    0.00744         37        640: 10% ━─────────── 130/1298 2.4it/s 1:01<8:03[K      1/100      6.55G      1.675      1.886   0.007427         55        640: 10% ━─────────── 131/1298 2.5it/s 1:01<7:56[K      1/100      6.55G      1.675      1.886   0.007419         29        640: 10% ━─────────── 132/1298 2.5it/s 1:01<7:48[K      1/100      6.55G      1.673      1.885   0.007408         34        640: 10% ━─────────── 133/1298 2.5it/s 1:02<7:43[K      1/100      6.55G      1.671      1.882   0.007405         27        640: 10% ━─────────── 134/1298 2.5it/s 1:02<7:41[K      1/100      6.55G      1.672       1.88   0.007391         54        640: 10% ━─────────── 135/1298 2.5it/s 1:03<7:40[K      1/100      6.55G      1.672      1.877   0.007379         44        640: 10% ━─────────── 136/1298 2.5it/s 1:03<7:39[K      1/100      6.55G      1.671      1.875   0.007365         39        640: 10% ━─────────── 137/1298 2.5it/s 1:03<7:37[K      1/100      6.55G      1.669      1.872   0.007344         36        640: 10% ━─────────── 138/1298 2.5it/s 1:04<7:39[K      1/100      6.55G       1.67      1.869    0.00734         51        640: 10% ━─────────── 139/1298 2.5it/s 1:04<7:39[K      1/100      6.55G      1.671      1.868   0.007329         45        640: 10% ━─────────── 140/1298 2.5it/s 1:05<7:42[K      1/100      6.55G      1.668      1.867   0.007308         30        640: 10% ━─────────── 141/1298 2.5it/s 1:05<7:39[K      1/100      6.55G      1.666      1.865   0.007312         35        640: 10% ━─────────── 142/1298 2.5it/s 1:05<7:38[K      1/100      6.55G      1.666      1.866   0.007302         39        640: 11% ━─────────── 143/1298 2.5it/s 1:06<7:40[K      1/100      6.55G      1.664      1.863   0.007287         53        640: 11% ━─────────── 144/1298 2.5it/s 1:06<7:37[K      1/100      6.55G      1.663      1.863   0.007277         31        640: 11% ━─────────── 145/1298 2.5it/s 1:07<7:35[K      1/100      6.55G      1.662      1.859    0.00726         43        640: 11% ━─────────── 146/1298 2.5it/s 1:07<7:35[K      1/100      6.55G      1.661      1.856   0.007247         52        640: 11% ━─────────── 147/1298 2.5it/s 1:07<7:34[K      1/100      6.55G      1.659      1.853   0.007232         50        640: 11% ━─────────── 148/1298 2.5it/s 1:08<7:32[K      1/100      6.55G      1.658      1.853   0.007227         39        640: 11% ━─────────── 149/1298 2.5it/s 1:08<7:34[K      1/100      6.55G      1.656       1.85   0.007212         51        640: 11% ━─────────── 150/1298 2.5it/s 1:09<7:33[K      1/100      6.55G      1.655      1.847   0.007196         48        640: 11% ━─────────── 151/1298 2.5it/s 1:09<7:32[K      1/100      6.55G      1.656      1.846   0.007201         36        640: 11% ━─────────── 152/1298 2.5it/s 1:09<7:30[K      1/100      6.55G      1.656      1.845   0.007199         41        640: 11% ━─────────── 153/1298 2.5it/s 1:10<7:35[K      1/100      6.55G      1.654      1.842    0.00718         51        640: 11% ━─────────── 154/1298 2.5it/s 1:10<7:33[K      1/100      6.55G      1.654      1.841   0.007166         32        640: 11% ━─────────── 155/1298 2.5it/s 1:10<7:32[K      1/100      6.55G      1.653      1.839   0.007156         30        640: 12% ━─────────── 156/1298 2.5it/s 1:11<7:31[K      1/100      6.55G      1.655       1.84    0.00716         22        640: 12% ━─────────── 157/1298 2.5it/s 1:11<7:30[K      1/100      6.55G      1.653      1.838   0.007158         27        640: 12% ━─────────── 158/1298 2.5it/s 1:12<7:31[K      1/100      6.55G      1.651      1.835   0.007149         40        640: 12% ━─────────── 159/1298 2.5it/s 1:12<7:30[K      1/100      6.55G      1.652      1.832   0.007138         40        640: 12% ━─────────── 160/1298 2.5it/s 1:12<7:29[K      1/100      6.55G      1.652      1.833   0.007152         21        640: 12% ━─────────── 161/1298 2.5it/s 1:13<7:29[K      1/100      6.55G      1.651      1.831    0.00715         33        640: 12% ━─────────── 162/1298 2.5it/s 1:13<7:31[K      1/100      6.55G       1.65      1.828   0.007146         36        640: 12% ━╸────────── 163/1298 2.5it/s 1:14<7:30[K      1/100      6.55G      1.648      1.826   0.007136         32        640: 12% ━╸────────── 164/1298 2.5it/s 1:14<7:30[K      1/100      6.55G      1.648      1.825   0.007128         39        640: 12% ━╸────────── 165/1298 2.5it/s 1:14<7:30[K      1/100      6.55G      1.648      1.823   0.007118         34        640: 12% ━╸────────── 166/1298 2.5it/s 1:15<7:30[K      1/100      6.55G      1.648      1.821   0.007108         46        640: 12% ━╸────────── 167/1298 2.5it/s 1:15<7:30[K      1/100      6.55G      1.647       1.82   0.007103         32        640: 12% ━╸────────── 168/1298 2.5it/s 1:16<7:31[K      1/100      6.55G      1.649      1.819   0.007097         45        640: 13% ━╸────────── 169/1298 2.5it/s 1:16<7:30[K      1/100      6.55G      1.648      1.817   0.007095         35        640: 13% ━╸────────── 170/1298 2.5it/s 1:16<7:30[K      1/100      6.55G      1.648      1.814   0.007086         38        640: 13% ━╸────────── 171/1298 2.5it/s 1:17<7:30[K      1/100      6.55G      1.647      1.812   0.007076         30        640: 13% ━╸────────── 172/1298 2.5it/s 1:17<7:28[K      1/100      6.55G      1.647      1.811   0.007064         32        640: 13% ━╸────────── 173/1298 2.5it/s 1:18<7:28[K      1/100      6.55G      1.648      1.808   0.007053         41        640: 13% ━╸────────── 174/1298 2.5it/s 1:18<7:26[K      1/100      6.55G      1.646      1.805   0.007039         49        640: 13% ━╸────────── 175/1298 2.5it/s 1:18<7:26[K      1/100      6.55G      1.646      1.804   0.007043         29        640: 13% ━╸────────── 176/1298 2.5it/s 1:19<7:26[K      1/100      6.55G      1.645      1.802   0.007032         49        640: 13% ━╸────────── 177/1298 2.5it/s 1:19<7:24[K      1/100      6.55G      1.645        1.8   0.007024         27        640: 13% ━╸────────── 178/1298 2.5it/s 1:20<7:24[K      1/100      6.55G      1.644      1.798   0.007022         46        640: 13% ━╸────────── 179/1298 2.5it/s 1:20<7:23[K      1/100      6.55G      1.643      1.795   0.007006         33        640: 13% ━╸────────── 180/1298 2.5it/s 1:20<7:22[K      1/100      6.55G      1.643      1.792   0.007001         35        640: 13% ━╸────────── 181/1298 2.5it/s 1:21<7:22[K      1/100      6.55G      1.641      1.789   0.006987         56        640: 14% ━╸────────── 182/1298 2.2it/s 1:22<8:31[K      1/100      6.55G      1.638      1.786   0.006974         38        640: 14% ━╸────────── 183/1298 2.3it/s 1:22<8:08[K      1/100      6.55G      1.637      1.785   0.006961         35        640: 14% ━╸────────── 184/1298 2.4it/s 1:22<7:50[K      1/100      6.55G      1.636      1.783   0.006952         41        640: 14% ━╸────────── 185/1298 2.4it/s 1:23<7:38[K      1/100      6.55G      1.637      1.782    0.00695         50        640: 14% ━╸────────── 186/1298 2.5it/s 1:23<7:32[K      1/100      6.55G      1.636       1.78   0.006943         37        640: 14% ━╸────────── 187/1298 2.5it/s 1:23<7:28[K      1/100      6.55G      1.634      1.778   0.006933         40        640: 14% ━╸────────── 188/1298 2.5it/s 1:24<7:24[K      1/100      6.55G      1.632      1.775   0.006922         41        640: 14% ━╸────────── 189/1298 2.5it/s 1:24<7:21[K      1/100      6.55G      1.632      1.773   0.006915         40        640: 14% ━╸────────── 190/1298 2.5it/s 1:25<7:20[K      1/100      6.55G      1.631      1.772   0.006921         30        640: 14% ━╸────────── 191/1298 2.5it/s 1:25<7:19[K      1/100      6.55G      1.629       1.77   0.006912         41        640: 14% ━╸────────── 192/1298 2.5it/s 1:25<7:16[K      1/100      6.55G      1.627      1.766    0.00691         40        640: 14% ━╸────────── 193/1298 2.5it/s 1:26<7:15[K      1/100      6.55G      1.625      1.764   0.006901         37        640: 14% ━╸────────── 194/1298 2.5it/s 1:26<7:18[K      1/100      6.55G      1.626      1.762   0.006899         33        640: 15% ━╸────────── 195/1298 2.5it/s 1:27<7:23[K      1/100      6.55G      1.626       1.76   0.006898         31        640: 15% ━╸────────── 196/1298 2.5it/s 1:27<7:22[K      1/100      6.55G      1.625      1.759   0.006883         48        640: 15% ━╸────────── 197/1298 2.5it/s 1:27<7:21[K      1/100      6.55G      1.625      1.758    0.00688         45        640: 15% ━╸────────── 198/1298 2.5it/s 1:28<7:21[K      1/100      6.55G      1.622      1.755   0.006872         33        640: 15% ━╸────────── 199/1298 2.5it/s 1:28<7:21[K      1/100      6.55G      1.622      1.752   0.006864         49        640: 15% ━╸────────── 200/1298 2.5it/s 1:29<7:21[K      1/100      6.55G      1.621      1.751   0.006852         37        640: 15% ━╸────────── 201/1298 2.5it/s 1:29<7:20[K      1/100      6.55G       1.62      1.748    0.00685         44        640: 15% ━╸────────── 202/1298 2.5it/s 1:29<7:18[K      1/100      6.55G      1.619      1.746   0.006843         36        640: 15% ━╸────────── 203/1298 2.5it/s 1:30<7:15[K      1/100      6.55G      1.618      1.744   0.006831         46        640: 15% ━╸────────── 204/1298 2.5it/s 1:30<7:12[K      1/100      6.55G      1.616      1.742   0.006818         44        640: 15% ━╸────────── 205/1298 2.5it/s 1:31<7:10[K      1/100      6.55G      1.614      1.739   0.006809         37        640: 15% ━╸────────── 206/1298 2.6it/s 1:31<7:05[K      1/100      6.55G      1.612      1.736   0.006813         45        640: 15% ━╸────────── 207/1298 2.4it/s 1:32<7:38[K      1/100      6.55G      1.612      1.734   0.006815         38        640: 16% ━╸────────── 208/1298 2.2it/s 1:32<8:13[K      1/100      6.55G      1.611      1.731   0.006806         34        640: 16% ━╸────────── 209/1298 2.1it/s 1:33<8:41[K      1/100      6.55G      1.609      1.728   0.006798         50        640: 16% ━╸────────── 210/1298 2.0it/s 1:33<9:01[K      1/100      6.55G       1.61      1.727   0.006796         42        640: 16% ━╸────────── 211/1298 2.0it/s 1:34<9:15[K      1/100      6.55G       1.61      1.725    0.00679         38        640: 16% ━╸────────── 212/1298 2.1it/s 1:34<8:37[K      1/100      6.55G      1.609      1.722   0.006781         48        640: 16% ━╸────────── 213/1298 2.2it/s 1:35<8:04[K      1/100      6.55G      1.608       1.72   0.006771         37        640: 16% ━╸────────── 214/1298 2.4it/s 1:35<7:39[K      1/100      6.55G      1.607      1.719   0.006767         43        640: 16% ━╸────────── 215/1298 2.4it/s 1:35<7:24[K      1/100      6.55G      1.606      1.717   0.006765         34        640: 16% ━╸────────── 216/1298 2.5it/s 1:36<7:16[K      1/100      6.55G      1.606      1.715   0.006759         37        640: 16% ━━────────── 217/1298 2.5it/s 1:36<7:09[K      1/100      6.55G      1.605      1.713   0.006755         58        640: 16% ━━────────── 218/1298 2.5it/s 1:36<7:05[K      1/100      6.55G      1.604      1.712   0.006752         52        640: 16% ━━────────── 219/1298 2.5it/s 1:37<7:03[K      1/100      6.55G      1.603       1.71   0.006742         58        640: 16% ━━────────── 220/1298 2.6it/s 1:37<6:59[K      1/100      6.55G      1.602      1.708   0.006734         36        640: 17% ━━────────── 221/1298 2.5it/s 1:38<7:02[K      1/100      6.55G      1.602      1.707   0.006727         42        640: 17% ━━────────── 222/1298 2.6it/s 1:38<6:60[K      1/100      6.55G      1.603      1.708   0.006734         26        640: 17% ━━────────── 223/1298 2.6it/s 1:38<6:57[K      1/100      6.55G      1.602      1.707   0.006725         25        640: 17% ━━────────── 224/1298 2.6it/s 1:39<6:57[K      1/100      6.55G      1.601      1.705   0.006716         43        640: 17% ━━────────── 225/1298 2.6it/s 1:39<6:56[K      1/100      6.55G      1.599      1.704   0.006708         37        640: 17% ━━────────── 226/1298 2.6it/s 1:40<6:56[K      1/100      6.55G      1.599      1.703   0.006702         39        640: 17% ━━────────── 227/1298 2.5it/s 1:40<7:16[K      1/100      6.55G      1.599      1.701   0.006698         42        640: 17% ━━────────── 228/1298 2.3it/s 1:41<7:55[K      1/100      6.55G      1.598      1.699   0.006689         28        640: 17% ━━────────── 229/1298 2.1it/s 1:41<8:28[K      1/100      6.55G      1.597      1.697   0.006686         29        640: 17% ━━────────── 230/1298 2.0it/s 1:42<8:50[K      1/100      6.55G      1.596      1.695   0.006683         31        640: 17% ━━────────── 231/1298 1.9it/s 1:42<9:09[K      1/100      6.55G      1.595      1.693   0.006676         36        640: 17% ━━────────── 232/1298 2.0it/s 1:43<8:53[K      1/100      6.55G      1.596      1.692   0.006671         48        640: 17% ━━────────── 233/1298 2.2it/s 1:43<8:09[K      1/100      6.55G      1.595       1.69   0.006668         40        640: 18% ━━────────── 234/1298 2.1it/s 1:44<8:18[K      1/100      6.55G      1.593      1.688   0.006657         42        640: 18% ━━────────── 235/1298 2.1it/s 1:44<8:36[K      1/100      6.55G      1.592      1.686   0.006649         37        640: 18% ━━────────── 236/1298 2.0it/s 1:45<8:58[K      1/100      6.55G      1.592      1.686   0.006644         35        640: 18% ━━────────── 237/1298 1.9it/s 1:45<9:13[K      1/100      6.55G       1.59      1.683   0.006631         37        640: 18% ━━────────── 238/1298 1.9it/s 1:46<9:23[K      1/100      6.55G      1.589      1.681   0.006622         39        640: 18% ━━────────── 239/1298 2.0it/s 1:46<8:51[K      1/100      6.55G      1.588       1.68   0.006616         26        640: 18% ━━────────── 240/1298 2.2it/s 1:47<8:11[K      1/100      6.55G      1.588      1.677   0.006616         37        640: 18% ━━────────── 241/1298 2.3it/s 1:47<7:41[K      1/100      6.55G      1.587      1.675   0.006611         37        640: 18% ━━────────── 242/1298 2.4it/s 1:47<7:21[K      1/100      6.55G      1.585      1.672   0.006603         36        640: 18% ━━────────── 243/1298 2.5it/s 1:48<7:09[K      1/100      6.55G      1.585       1.67   0.006605         31        640: 18% ━━────────── 244/1298 2.5it/s 1:48<7:08[K      1/100      6.55G      1.584      1.669   0.006601         35        640: 18% ━━────────── 245/1298 2.3it/s 1:49<7:43[K      1/100      6.55G      1.583      1.667   0.006592         41        640: 18% ━━────────── 246/1298 2.1it/s 1:49<8:10[K      1/100      6.55G      1.582      1.665   0.006584         45        640: 19% ━━────────── 247/1298 2.1it/s 1:50<8:31[K      1/100      6.55G      1.582      1.663   0.006578         44        640: 19% ━━────────── 248/1298 2.0it/s 1:50<8:52[K      1/100      6.55G      1.581      1.661   0.006572         31        640: 19% ━━────────── 249/1298 1.9it/s 1:51<9:04[K      1/100      6.55G       1.58      1.659   0.006563         33        640: 19% ━━────────── 250/1298 2.1it/s 1:51<8:15[K      1/100      6.55G      1.579      1.657   0.006553         42        640: 19% ━━────────── 251/1298 2.2it/s 1:52<7:49[K      1/100      6.55G      1.578      1.655   0.006543         45        640: 19% ━━────────── 252/1298 2.2it/s 1:52<7:47[K      1/100      6.55G      1.578      1.655    0.00654         39        640: 19% ━━────────── 253/1298 2.1it/s 1:53<8:19[K      1/100      6.55G      1.578      1.653   0.006544         54        640: 19% ━━────────── 254/1298 2.0it/s 1:53<8:41[K      1/100      6.55G      1.578      1.651   0.006538         56        640: 19% ━━────────── 255/1298 1.9it/s 1:54<8:56[K      1/100      6.55G      1.577      1.651   0.006538         41        640: 19% ━━────────── 256/1298 1.9it/s 1:54<9:11[K      1/100      6.55G      1.576      1.649   0.006534         41        640: 19% ━━────────── 257/1298 1.9it/s 1:55<8:58[K      1/100      6.55G      1.575      1.648   0.006528         52        640: 19% ━━────────── 258/1298 2.1it/s 1:55<8:08[K      1/100      6.55G      1.575      1.647   0.006526         41        640: 19% ━━────────── 259/1298 2.3it/s 1:56<7:39[K      1/100      6.55G      1.575      1.646   0.006527         44        640: 20% ━━────────── 260/1298 2.4it/s 1:56<7:22[K      1/100      6.55G      1.574      1.643   0.006517         54        640: 20% ━━────────── 261/1298 2.4it/s 1:56<7:10[K      1/100      6.55G      1.574      1.641   0.006509         47        640: 20% ━━────────── 262/1298 2.5it/s 1:57<7:01[K      1/100      6.55G      1.572      1.639   0.006503         42        640: 20% ━━────────── 263/1298 2.5it/s 1:57<6:53[K      1/100      6.55G      1.571      1.638   0.006501         32        640: 20% ━━────────── 264/1298 2.5it/s 1:58<6:49[K      1/100      6.55G      1.573      1.638   0.006499         43        640: 20% ━━────────── 265/1298 2.5it/s 1:58<6:45[K      1/100      6.55G       1.57      1.636   0.006492         30        640: 20% ━━────────── 266/1298 2.6it/s 1:58<6:43[K      1/100      6.55G       1.57      1.634   0.006496         33        640: 20% ━━────────── 267/1298 2.6it/s 1:59<6:43[K      1/100      6.55G       1.57      1.633   0.006495         32        640: 20% ━━────────── 268/1298 2.6it/s 1:59<6:40[K      1/100      6.55G      1.569      1.632    0.00649         30        640: 20% ━━────────── 269/1298 2.6it/s 1:60<6:40[K      1/100      6.55G      1.568       1.63   0.006486         42        640: 20% ━━────────── 270/1298 2.5it/s 1:60<6:45[K      1/100      6.55G      1.568       1.63   0.006489         40        640: 20% ━━╸───────── 271/1298 2.5it/s 2:00<6:46[K      1/100      6.55G      1.568       1.63   0.006487         29        640: 20% ━━╸───────── 272/1298 2.5it/s 2:01<6:45[K      1/100      6.55G      1.567      1.627   0.006481         28        640: 21% ━━╸───────── 273/1298 2.5it/s 2:01<6:50[K      1/100      6.55G      1.567      1.626   0.006481         33        640: 21% ━━╸───────── 274/1298 2.5it/s 2:02<6:50[K      1/100      6.55G      1.567      1.625   0.006473         50        640: 21% ━━╸───────── 275/1298 2.5it/s 2:02<6:49[K      1/100      6.55G      1.566      1.623    0.00647         38        640: 21% ━━╸───────── 276/1298 2.5it/s 2:02<6:49[K      1/100      6.55G      1.565      1.621   0.006463         40        640: 21% ━━╸───────── 277/1298 2.5it/s 2:03<6:48[K      1/100      6.55G      1.564       1.62   0.006462         38        640: 21% ━━╸───────── 278/1298 2.5it/s 2:03<6:46[K      1/100      6.55G      1.564       1.62   0.006473         30        640: 21% ━━╸───────── 279/1298 2.5it/s 2:04<6:42[K      1/100      6.55G      1.564      1.619   0.006466         45        640: 21% ━━╸───────── 280/1298 2.5it/s 2:04<6:43[K      1/100      6.55G      1.563      1.618    0.00646         29        640: 21% ━━╸───────── 281/1298 2.5it/s 2:04<6:41[K      1/100      6.55G      1.561      1.617   0.006462         29        640: 21% ━━╸───────── 282/1298 2.5it/s 2:05<6:39[K      1/100      6.55G      1.561      1.615   0.006459         52        640: 21% ━━╸───────── 283/1298 2.6it/s 2:05<6:37[K      1/100      6.55G      1.559      1.615    0.00646         22        640: 21% ━━╸───────── 284/1298 2.6it/s 2:06<6:37[K      1/100      6.55G       1.56      1.614   0.006458         34        640: 21% ━━╸───────── 285/1298 2.6it/s 2:06<6:35[K      1/100      6.55G      1.559      1.613   0.006451         33        640: 22% ━━╸───────── 286/1298 2.5it/s 2:06<6:38[K      1/100      6.55G       1.56      1.613   0.006452         35        640: 22% ━━╸───────── 287/1298 2.6it/s 2:07<6:36[K      1/100      6.55G      1.559       1.61   0.006443         56        640: 22% ━━╸───────── 288/1298 2.5it/s 2:07<6:37[K      1/100      6.55G      1.558      1.609   0.006445         32        640: 22% ━━╸───────── 289/1298 2.5it/s 2:07<6:36[K      1/100      6.55G      1.557      1.608   0.006437         44        640: 22% ━━╸───────── 290/1298 2.6it/s 2:08<6:35[K      1/100      6.55G      1.556      1.606    0.00643         39        640: 22% ━━╸───────── 291/1298 2.5it/s 2:08<6:35[K      1/100      6.55G      1.556      1.605   0.006424         26        640: 22% ━━╸───────── 292/1298 2.5it/s 2:09<6:36[K      1/100      6.55G      1.555      1.603   0.006425         33        640: 22% ━━╸───────── 293/1298 2.5it/s 2:09<6:37[K      1/100      6.55G      1.556      1.602   0.006419         53        640: 22% ━━╸───────── 294/1298 2.5it/s 2:09<6:35[K      1/100      6.55G      1.554        1.6   0.006414         35        640: 22% ━━╸───────── 295/1298 2.6it/s 2:10<6:33[K      1/100      6.55G      1.554      1.599    0.00641         26        640: 22% ━━╸───────── 296/1298 2.6it/s 2:10<6:33[K      1/100      6.55G      1.553      1.598    0.00641         43        640: 22% ━━╸───────── 297/1298 2.6it/s 2:11<6:32[K      1/100      6.55G      1.553      1.596   0.006406         42        640: 22% ━━╸───────── 298/1298 2.6it/s 2:11<6:31[K      1/100      6.55G      1.552      1.595   0.006404         22        640: 23% ━━╸───────── 299/1298 2.6it/s 2:11<6:30[K      1/100      6.55G       1.55      1.594   0.006394         33        640: 23% ━━╸───────── 300/1298 2.6it/s 2:12<6:31[K      1/100      6.55G      1.549      1.592    0.00639         41        640: 23% ━━╸───────── 301/1298 2.6it/s 2:12<6:29[K      1/100      6.55G      1.548      1.591   0.006385         43        640: 23% ━━╸───────── 302/1298 2.5it/s 2:13<6:34[K      1/100      6.55G      1.549      1.589   0.006381         49        640: 23% ━━╸───────── 303/1298 2.5it/s 2:13<6:32[K      1/100      6.55G      1.548      1.587   0.006372         43        640: 23% ━━╸───────── 304/1298 2.4it/s 2:13<6:46[K      1/100      6.55G      1.547      1.585   0.006371         36        640: 23% ━━╸───────── 305/1298 2.5it/s 2:14<6:40[K      1/100      6.55G      1.547      1.584    0.00637         41        640: 23% ━━╸───────── 306/1298 2.5it/s 2:14<6:33[K      1/100      6.55G      1.548      1.583   0.006369         31        640: 23% ━━╸───────── 307/1298 2.6it/s 2:15<6:28[K      1/100      6.55G      1.547      1.582   0.006371         28        640: 23% ━━╸───────── 308/1298 2.6it/s 2:15<6:27[K      1/100      6.55G      1.547      1.581    0.00637         23        640: 23% ━━╸───────── 309/1298 2.6it/s 2:15<6:25[K      1/100      6.55G      1.546      1.579   0.006365         36        640: 23% ━━╸───────── 310/1298 2.6it/s 2:16<6:22[K      1/100      6.55G      1.546      1.578   0.006364         33        640: 23% ━━╸───────── 311/1298 2.6it/s 2:16<6:20[K      1/100      6.55G      1.544      1.576    0.00636         31        640: 24% ━━╸───────── 312/1298 2.6it/s 2:16<6:19[K      1/100      6.55G      1.543      1.574   0.006351         37        640: 24% ━━╸───────── 313/1298 2.6it/s 2:17<6:21[K      1/100      6.55G      1.543      1.573   0.006351         42        640: 24% ━━╸───────── 314/1298 2.6it/s 2:17<6:20[K      1/100      6.55G      1.542      1.572   0.006348         42        640: 24% ━━╸───────── 315/1298 2.6it/s 2:18<6:18[K      1/100      6.55G      1.541       1.57    0.00634         31        640: 24% ━━╸───────── 316/1298 2.6it/s 2:18<6:20[K      1/100      6.55G       1.54      1.569   0.006332         42        640: 24% ━━╸───────── 317/1298 2.6it/s 2:18<6:23[K      1/100      6.55G       1.54      1.569    0.00633         22        640: 24% ━━╸───────── 318/1298 2.6it/s 2:19<6:23[K      1/100      6.55G      1.541      1.568   0.006337         29        640: 24% ━━╸───────── 319/1298 2.6it/s 2:19<6:23[K      1/100      6.55G      1.539      1.566   0.006334         27        640: 24% ━━╸───────── 320/1298 2.5it/s 2:20<6:24[K      1/100      6.55G      1.538      1.565   0.006334         28        640: 24% ━━╸───────── 321/1298 2.5it/s 2:20<6:27[K      1/100      6.55G      1.538      1.563   0.006333         34        640: 24% ━━╸───────── 322/1298 2.5it/s 2:20<6:25[K      1/100      6.55G      1.538      1.562   0.006327         42        640: 24% ━━╸───────── 323/1298 2.5it/s 2:21<6:23[K      1/100      6.55G      1.537       1.56   0.006324         33        640: 24% ━━╸───────── 324/1298 2.5it/s 2:21<6:22[K      1/100      6.55G      1.536      1.558    0.00632         44        640: 25% ━━━───────── 325/1298 2.6it/s 2:22<6:21[K      1/100      6.55G      1.535      1.558   0.006319         36        640: 25% ━━━───────── 326/1298 2.6it/s 2:22<6:17[K      1/100      6.55G      1.536      1.557   0.006322         40        640: 25% ━━━───────── 327/1298 2.6it/s 2:22<6:14[K      1/100      6.55G      1.535      1.555    0.00632         43        640: 25% ━━━───────── 328/1298 2.6it/s 2:23<6:14[K      1/100      6.55G      1.535      1.554   0.006314         42        640: 25% ━━━───────── 329/1298 2.6it/s 2:23<6:13[K      1/100      6.55G      1.535      1.554    0.00631         43        640: 25% ━━━───────── 330/1298 2.6it/s 2:23<6:11[K      1/100      6.55G      1.534      1.552   0.006303         55        640: 25% ━━━───────── 331/1298 2.6it/s 2:24<6:09[K      1/100      6.55G      1.533       1.55   0.006296         55        640: 25% ━━━───────── 332/1298 2.6it/s 2:24<6:09[K      1/100      6.55G      1.533      1.549   0.006296         45        640: 25% ━━━───────── 333/1298 2.6it/s 2:25<6:09[K      1/100      6.55G      1.533       1.55   0.006295         29        640: 25% ━━━───────── 334/1298 2.6it/s 2:25<6:07[K      1/100      6.55G      1.532      1.548   0.006292         34        640: 25% ━━━───────── 335/1298 2.6it/s 2:25<6:07[K      1/100      6.55G      1.531      1.547    0.00629         43        640: 25% ━━━───────── 336/1298 2.6it/s 2:26<6:08[K      1/100      6.55G       1.53      1.545   0.006282         45        640: 25% ━━━───────── 337/1298 2.6it/s 2:26<6:08[K      1/100      6.55G      1.529      1.544   0.006279         38        640: 26% ━━━───────── 338/1298 2.6it/s 2:27<6:09[K      1/100      6.55G      1.529      1.543   0.006275         29        640: 26% ━━━───────── 339/1298 2.6it/s 2:27<6:07[K      1/100      6.55G      1.528      1.542   0.006272         34        640: 26% ━━━───────── 340/1298 2.6it/s 2:27<6:07[K      1/100      6.55G      1.528      1.541   0.006269         44        640: 26% ━━━───────── 341/1298 2.6it/s 2:28<6:07[K      1/100      6.55G      1.527      1.539   0.006265         42        640: 26% ━━━───────── 342/1298 2.6it/s 2:28<6:05[K      1/100      6.55G      1.526      1.538   0.006263         33        640: 26% ━━━───────── 343/1298 2.6it/s 2:28<6:03[K      1/100      6.55G      1.526      1.537   0.006261         41        640: 26% ━━━───────── 344/1298 2.6it/s 2:29<6:04[K      1/100      6.55G      1.526      1.536   0.006257         62        640: 26% ━━━───────── 345/1298 2.6it/s 2:29<6:03[K      1/100      6.55G      1.525      1.534   0.006252         44        640: 26% ━━━───────── 346/1298 2.6it/s 2:30<6:05[K      1/100      6.55G      1.524      1.534   0.006249         34        640: 26% ━━━───────── 347/1298 2.6it/s 2:30<6:05[K      1/100      6.55G      1.524      1.533    0.00625         33        640: 26% ━━━───────── 348/1298 2.6it/s 2:30<6:08[K      1/100      6.55G      1.523      1.531   0.006247         36        640: 26% ━━━───────── 349/1298 2.6it/s 2:31<6:08[K      1/100      6.55G      1.522       1.53   0.006243         46        640: 26% ━━━───────── 350/1298 2.6it/s 2:31<6:07[K      1/100      6.55G      1.522      1.529   0.006238         28        640: 27% ━━━───────── 351/1298 2.6it/s 2:32<6:05[K      1/100      6.55G      1.522      1.527   0.006238         28        640: 27% ━━━───────── 352/1298 2.6it/s 2:32<6:07[K      1/100      6.55G      1.522      1.527   0.006234         30        640: 27% ━━━───────── 353/1298 2.6it/s 2:32<6:07[K      1/100      6.55G      1.522      1.527   0.006238         37        640: 27% ━━━───────── 354/1298 2.6it/s 2:33<6:07[K      1/100      6.55G      1.522      1.527   0.006238         24        640: 27% ━━━───────── 355/1298 2.2it/s 2:33<7:08[K      1/100      6.55G      1.522      1.526   0.006236         51        640: 27% ━━━───────── 356/1298 2.1it/s 2:34<7:29[K      1/100      6.55G      1.522      1.526   0.006233         36        640: 27% ━━━───────── 357/1298 2.0it/s 2:35<7:49[K      1/100      6.55G      1.522      1.524   0.006236         28        640: 27% ━━━───────── 358/1298 1.9it/s 2:35<8:04[K      1/100      6.55G      1.521      1.523   0.006231         38        640: 27% ━━━───────── 359/1298 1.9it/s 2:36<8:17[K      1/100      6.55G       1.52      1.522   0.006229         49        640: 27% ━━━───────── 360/1298 2.0it/s 2:36<7:51[K      1/100      6.55G       1.52      1.521   0.006226         49        640: 27% ━━━───────── 361/1298 2.1it/s 2:37<7:19[K      1/100      6.55G      1.519       1.52   0.006222         36        640: 27% ━━━───────── 362/1298 2.3it/s 2:37<6:56[K      1/100      6.55G      1.518      1.519   0.006218         34        640: 27% ━━━───────── 363/1298 2.3it/s 2:37<6:40[K      1/100      6.55G      1.518      1.518   0.006216         35        640: 28% ━━━───────── 364/1298 2.4it/s 2:38<6:31[K      1/100      6.55G      1.517      1.516   0.006212         40        640: 28% ━━━───────── 365/1298 2.4it/s 2:38<6:23[K      1/100      6.55G      1.517      1.516   0.006208         47        640: 28% ━━━───────── 366/1298 2.5it/s 2:39<6:17[K      1/100      6.55G      1.516      1.514   0.006202         43        640: 28% ━━━───────── 367/1298 2.5it/s 2:39<6:16[K      1/100      6.55G      1.515      1.513   0.006199         31        640: 28% ━━━───────── 368/1298 2.5it/s 2:39<6:13[K      1/100      6.55G      1.515      1.512   0.006198         33        640: 28% ━━━───────── 369/1298 2.5it/s 2:40<6:12[K      1/100      6.55G      1.515      1.511   0.006196         37        640: 28% ━━━───────── 370/1298 2.5it/s 2:40<6:10[K      1/100      6.55G      1.514       1.51   0.006195         31        640: 28% ━━━───────── 371/1298 2.5it/s 2:41<6:09[K      1/100      6.55G      1.514      1.508   0.006192         37        640: 28% ━━━───────── 372/1298 2.5it/s 2:41<6:07[K      1/100      6.55G      1.513      1.507    0.00619         28        640: 28% ━━━───────── 373/1298 2.5it/s 2:41<6:06[K      1/100      6.55G      1.513      1.505   0.006185         32        640: 28% ━━━───────── 374/1298 2.5it/s 2:42<6:03[K      1/100      6.55G      1.512      1.504   0.006183         40        640: 28% ━━━───────── 375/1298 2.6it/s 2:42<6:00[K      1/100      6.55G      1.511      1.503   0.006177         26        640: 28% ━━━───────── 376/1298 2.6it/s 2:42<5:59[K      1/100      6.55G      1.511      1.502   0.006177         32        640: 29% ━━━───────── 377/1298 2.6it/s 2:43<5:58[K      1/100      6.55G       1.51      1.502   0.006174         35        640: 29% ━━━───────── 378/1298 2.6it/s 2:43<5:57[K      1/100      6.55G       1.51        1.5   0.006168         35        640: 29% ━━━╸──────── 379/1298 2.6it/s 2:44<5:55[K      1/100      6.55G       1.51      1.499   0.006167         39        640: 29% ━━━╸──────── 380/1298 2.6it/s 2:44<5:54[K      1/100      6.55G      1.509      1.498   0.006161         33        640: 29% ━━━╸──────── 381/1298 2.6it/s 2:44<5:52[K      1/100      6.55G      1.509      1.497   0.006159         42        640: 29% ━━━╸──────── 382/1298 2.6it/s 2:45<5:50[K      1/100      6.55G      1.508      1.496   0.006154         43        640: 29% ━━━╸──────── 383/1298 2.6it/s 2:45<5:49[K      1/100      6.55G      1.508      1.495   0.006148         36        640: 29% ━━━╸──────── 384/1298 2.6it/s 2:46<5:49[K      1/100      6.55G      1.507      1.493   0.006149         19        640: 29% ━━━╸──────── 385/1298 2.6it/s 2:46<5:50[K      1/100      6.55G      1.507      1.493   0.006145         38        640: 29% ━━━╸──────── 386/1298 2.6it/s 2:46<5:50[K      1/100      6.55G      1.507      1.492   0.006145         45        640: 29% ━━━╸──────── 387/1298 2.6it/s 2:47<5:50[K      1/100      6.55G      1.507      1.491   0.006143         32        640: 29% ━━━╸──────── 388/1298 2.6it/s 2:47<5:51[K      1/100      6.55G      1.506       1.49   0.006142         36        640: 29% ━━━╸──────── 389/1298 2.6it/s 2:47<5:50[K      1/100      6.55G      1.506       1.49   0.006141         27        640: 30% ━━━╸──────── 390/1298 2.6it/s 2:48<5:50[K      1/100      6.55G      1.506      1.489   0.006141         31        640: 30% ━━━╸──────── 391/1298 2.6it/s 2:48<5:49[K      1/100      6.55G      1.505      1.488   0.006142         32        640: 30% ━━━╸──────── 392/1298 2.6it/s 2:49<5:48[K      1/100      6.55G      1.505      1.487   0.006139         36        640: 30% ━━━╸──────── 393/1298 2.6it/s 2:49<5:49[K      1/100      6.55G      1.505      1.487   0.006136         46        640: 30% ━━━╸──────── 394/1298 2.6it/s 2:49<5:49[K      1/100      6.55G      1.504      1.486   0.006131         40        640: 30% ━━━╸──────── 395/1298 2.6it/s 2:50<5:48[K      1/100      6.55G      1.504      1.485   0.006126         43        640: 30% ━━━╸──────── 396/1298 2.6it/s 2:50<5:50[K      1/100      6.55G      1.504      1.484   0.006122         32        640: 30% ━━━╸──────── 397/1298 2.6it/s 2:51<5:50[K      1/100      6.55G      1.504      1.484   0.006119         35        640: 30% ━━━╸──────── 398/1298 2.6it/s 2:51<5:50[K      1/100      6.55G      1.504      1.484   0.006114         44        640: 30% ━━━╸──────── 399/1298 2.6it/s 2:51<5:50[K      1/100      6.55G      1.503      1.482   0.006111         32        640: 30% ━━━╸──────── 400/1298 2.6it/s 2:52<5:50[K      1/100      6.55G      1.503      1.482   0.006109         34        640: 30% ━━━╸──────── 401/1298 2.6it/s 2:52<5:50[K      1/100      6.55G      1.502      1.481   0.006109         41        640: 30% ━━━╸──────── 402/1298 2.6it/s 2:52<5:47[K      1/100      6.55G      1.502       1.48   0.006108         39        640: 31% ━━━╸──────── 403/1298 2.6it/s 2:53<5:47[K      1/100      6.55G      1.502      1.479   0.006103         37        640: 31% ━━━╸──────── 404/1298 2.6it/s 2:53<5:46[K      1/100      6.55G      1.502      1.478   0.006099         33        640: 31% ━━━╸──────── 405/1298 2.6it/s 2:54<5:43[K      1/100      6.55G      1.501      1.477   0.006095         51        640: 31% ━━━╸──────── 406/1298 2.6it/s 2:54<5:42[K      1/100      6.55G      1.501      1.476    0.00609         44        640: 31% ━━━╸──────── 407/1298 2.6it/s 2:54<5:43[K      1/100      6.55G      1.501      1.476   0.006085         37        640: 31% ━━━╸──────── 408/1298 2.6it/s 2:55<5:43[K      1/100      6.55G      1.501      1.475   0.006081         42        640: 31% ━━━╸──────── 409/1298 2.6it/s 2:55<5:43[K      1/100      6.55G      1.501      1.474   0.006085         27        640: 31% ━━━╸──────── 410/1298 2.6it/s 2:56<5:42[K      1/100      6.55G        1.5      1.473   0.006082         48        640: 31% ━━━╸──────── 411/1298 2.6it/s 2:56<5:41[K      1/100      6.55G        1.5      1.473   0.006077         43        640: 31% ━━━╸──────── 412/1298 2.6it/s 2:56<5:40[K      1/100      6.55G        1.5      1.472   0.006072         34        640: 31% ━━━╸──────── 413/1298 2.6it/s 2:57<5:38[K      1/100      6.55G      1.499      1.471    0.00607         46        640: 31% ━━━╸──────── 414/1298 2.6it/s 2:57<5:38[K      1/100      6.55G      1.499       1.47   0.006067         40        640: 31% ━━━╸──────── 415/1298 2.6it/s 2:57<5:37[K      1/100      6.55G      1.499       1.47   0.006063         42        640: 32% ━━━╸──────── 416/1298 2.6it/s 2:58<5:36[K      1/100      6.55G      1.499      1.468   0.006061         38        640: 32% ━━━╸──────── 417/1298 2.6it/s 2:58<5:36[K      1/100      6.55G      1.499      1.468   0.006059         36        640: 32% ━━━╸──────── 418/1298 2.6it/s 2:59<5:36[K      1/100      6.55G      1.498      1.467   0.006057         43        640: 32% ━━━╸──────── 419/1298 2.6it/s 2:59<5:35[K      1/100      6.55G      1.498      1.465   0.006054         36        640: 32% ━━━╸──────── 420/1298 2.6it/s 2:59<5:36[K      1/100      6.55G      1.498      1.464    0.00605         49        640: 32% ━━━╸──────── 421/1298 2.6it/s 2:60<5:38[K      1/100      6.55G      1.497      1.463   0.006046         44        640: 32% ━━━╸──────── 422/1298 2.6it/s 3:00<5:39[K      1/100      6.55G      1.497      1.462   0.006041         44        640: 32% ━━━╸──────── 423/1298 2.6it/s 3:01<5:42[K      1/100      6.55G      1.496      1.461   0.006038         30        640: 32% ━━━╸──────── 424/1298 2.6it/s 3:01<5:40[K      1/100      6.55G      1.496       1.46   0.006035         48        640: 32% ━━━╸──────── 425/1298 2.6it/s 3:01<5:38[K      1/100      6.55G      1.496       1.46   0.006034         36        640: 32% ━━━╸──────── 426/1298 2.6it/s 3:02<5:39[K      1/100      6.55G      1.496      1.459    0.00603         50        640: 32% ━━━╸──────── 427/1298 2.6it/s 3:02<5:38[K      1/100      6.55G      1.495      1.458   0.006025         46        640: 32% ━━━╸──────── 428/1298 2.6it/s 3:02<5:37[K      1/100      6.55G      1.494      1.456   0.006022         35        640: 33% ━━━╸──────── 429/1298 2.6it/s 3:03<5:38[K      1/100      6.55G      1.494      1.455   0.006019         49        640: 33% ━━━╸──────── 430/1298 2.6it/s 3:03<5:39[K      1/100      6.55G      1.493      1.454   0.006016         31        640: 33% ━━━╸──────── 431/1298 2.5it/s 3:04<5:40[K      1/100      6.55G      1.492      1.453   0.006013         39        640: 33% ━━━╸──────── 432/1298 2.5it/s 3:04<5:42[K      1/100      6.55G      1.492      1.452    0.00601         48        640: 33% ━━━━──────── 433/1298 2.5it/s 3:04<5:40[K      1/100      6.55G      1.492      1.451   0.006009         49        640: 33% ━━━━──────── 434/1298 2.6it/s 3:05<5:37[K      1/100      6.55G      1.492       1.45   0.006005         54        640: 33% ━━━━──────── 435/1298 2.5it/s 3:05<5:40[K      1/100      6.55G      1.492      1.449   0.006002         36        640: 33% ━━━━──────── 436/1298 2.5it/s 3:06<5:41[K      1/100      6.55G      1.491      1.449   0.005996         51        640: 33% ━━━━──────── 437/1298 2.5it/s 3:06<5:39[K      1/100      6.55G      1.492      1.448   0.005994         54        640: 33% ━━━━──────── 438/1298 2.5it/s 3:06<5:39[K      1/100      6.55G      1.491      1.447   0.005989         51        640: 33% ━━━━──────── 439/1298 2.6it/s 3:07<5:37[K      1/100      6.55G      1.491      1.447   0.005985         47        640: 33% ━━━━──────── 440/1298 2.5it/s 3:07<5:37[K      1/100      6.55G       1.49      1.446    0.00598         67        640: 33% ━━━━──────── 441/1298 2.6it/s 3:08<5:35[K      1/100      6.55G       1.49      1.445   0.005976         38        640: 34% ━━━━──────── 442/1298 2.6it/s 3:08<5:33[K      1/100      6.55G      1.489      1.443   0.005974         44        640: 34% ━━━━──────── 443/1298 2.6it/s 3:08<5:32[K      1/100      6.55G      1.489      1.442   0.005974         35        640: 34% ━━━━──────── 444/1298 2.6it/s 3:09<5:33[K      1/100      6.55G      1.488      1.441   0.005969         53        640: 34% ━━━━──────── 445/1298 2.6it/s 3:09<5:32[K      1/100      6.55G      1.488      1.441   0.005966         34        640: 34% ━━━━──────── 446/1298 2.6it/s 3:10<5:31[K      1/100      6.55G      1.487       1.44   0.005961         27        640: 34% ━━━━──────── 447/1298 2.6it/s 3:10<5:30[K      1/100      6.55G      1.487      1.439   0.005961         36        640: 34% ━━━━──────── 448/1298 2.6it/s 3:10<5:33[K      1/100      6.55G      1.486      1.438   0.005958         42        640: 34% ━━━━──────── 449/1298 2.6it/s 3:11<5:33[K      1/100      6.55G      1.485      1.437   0.005953         24        640: 34% ━━━━──────── 450/1298 2.6it/s 3:11<5:32[K      1/100      6.55G      1.484      1.436   0.005949         33        640: 34% ━━━━──────── 451/1298 2.6it/s 3:11<5:31[K      1/100      6.55G      1.484      1.435   0.005944         31        640: 34% ━━━━──────── 452/1298 2.5it/s 3:12<5:32[K      1/100      6.55G      1.483      1.434   0.005944         37        640: 34% ━━━━──────── 453/1298 2.6it/s 3:12<5:30[K      1/100      6.55G      1.484      1.434   0.005943         39        640: 34% ━━━━──────── 454/1298 2.6it/s 3:13<5:28[K      1/100      6.55G      1.483      1.433   0.005942         41        640: 35% ━━━━──────── 455/1298 2.6it/s 3:13<5:27[K      1/100      6.55G      1.483      1.432   0.005943         32        640: 35% ━━━━──────── 456/1298 2.6it/s 3:13<5:27[K      1/100      6.55G      1.482      1.431   0.005938         30        640: 35% ━━━━──────── 457/1298 2.6it/s 3:14<5:27[K      1/100      6.55G      1.481       1.43   0.005937         28        640: 35% ━━━━──────── 458/1298 2.6it/s 3:14<5:26[K      1/100      6.55G      1.481      1.429   0.005932         35        640: 35% ━━━━──────── 459/1298 2.6it/s 3:15<5:25[K      1/100      6.55G      1.481      1.429   0.005928         54        640: 35% ━━━━──────── 460/1298 2.6it/s 3:15<5:27[K      1/100      6.55G      1.481      1.428   0.005928         36        640: 35% ━━━━──────── 461/1298 2.6it/s 3:15<5:25[K      1/100      6.55G       1.48      1.428   0.005924         32        640: 35% ━━━━──────── 462/1298 2.6it/s 3:16<5:24[K      1/100      6.55G       1.48      1.427   0.005924         37        640: 35% ━━━━──────── 463/1298 2.6it/s 3:16<5:23[K      1/100      6.55G       1.48      1.426    0.00592         36        640: 35% ━━━━──────── 464/1298 2.6it/s 3:17<5:26[K      1/100      6.55G      1.479      1.425   0.005919         34        640: 35% ━━━━──────── 465/1298 2.6it/s 3:17<5:26[K      1/100      6.55G      1.479      1.424   0.005915         41        640: 35% ━━━━──────── 466/1298 2.6it/s 3:17<5:24[K      1/100      6.55G      1.479      1.423   0.005912         38        640: 35% ━━━━──────── 467/1298 2.6it/s 3:18<5:23[K      1/100      6.55G      1.479      1.423    0.00591         51        640: 36% ━━━━──────── 468/1298 2.6it/s 3:18<5:25[K      1/100      6.55G      1.479      1.423    0.00591         25        640: 36% ━━━━──────── 469/1298 2.5it/s 3:19<5:25[K      1/100      6.55G      1.479      1.423   0.005909         25        640: 36% ━━━━──────── 470/1298 2.6it/s 3:19<5:24[K      1/100      6.55G      1.478      1.422   0.005904         41        640: 36% ━━━━──────── 471/1298 2.6it/s 3:19<5:24[K      1/100      6.55G      1.478      1.421   0.005904         50        640: 36% ━━━━──────── 472/1298 2.6it/s 3:20<5:23[K      1/100      6.55G      1.477       1.42   0.005906         36        640: 36% ━━━━──────── 473/1298 2.5it/s 3:20<5:24[K      1/100      6.55G      1.477      1.419   0.005903         50        640: 36% ━━━━──────── 474/1298 2.5it/s 3:20<5:24[K      1/100      6.55G      1.477      1.419   0.005903         23        640: 36% ━━━━──────── 475/1298 2.5it/s 3:21<5:23[K      1/100      6.55G      1.477      1.418   0.005899         38        640: 36% ━━━━──────── 476/1298 2.5it/s 3:21<5:23[K      1/100      6.55G      1.477      1.417   0.005896         22        640: 36% ━━━━──────── 477/1298 2.6it/s 3:22<5:20[K      1/100      6.55G      1.477      1.417   0.005896         25        640: 36% ━━━━──────── 478/1298 2.6it/s 3:22<5:19[K      1/100      6.55G      1.476      1.416   0.005899         43        640: 36% ━━━━──────── 479/1298 2.6it/s 3:22<5:18[K      1/100      6.55G      1.476      1.416   0.005897         43        640: 36% ━━━━──────── 480/1298 2.6it/s 3:23<5:17[K      1/100      6.55G      1.477      1.416   0.005899         32        640: 37% ━━━━──────── 481/1298 2.6it/s 3:23<5:17[K      1/100      6.55G      1.477      1.416   0.005896         32        640: 37% ━━━━──────── 482/1298 2.6it/s 3:24<5:18[K      1/100      6.55G      1.476      1.415   0.005893         43        640: 37% ━━━━──────── 483/1298 2.6it/s 3:24<5:16[K      1/100      6.55G      1.476      1.413   0.005891         39        640: 37% ━━━━──────── 484/1298 2.6it/s 3:24<5:17[K      1/100      6.55G      1.476      1.413   0.005888         36        640: 37% ━━━━──────── 485/1298 2.6it/s 3:25<5:16[K      1/100      6.55G      1.475      1.412   0.005889         33        640: 37% ━━━━──────── 486/1298 2.6it/s 3:25<5:16[K      1/100      6.55G      1.475      1.411    0.00589         44        640: 37% ━━━━╸─────── 487/1298 2.6it/s 3:26<5:16[K      1/100      6.55G      1.475      1.411    0.00589         30        640: 37% ━━━━╸─────── 488/1298 2.6it/s 3:26<5:16[K      1/100      6.55G      1.474       1.41    0.00589         28        640: 37% ━━━━╸─────── 489/1298 2.6it/s 3:26<5:16[K      1/100      6.55G      1.474      1.409   0.005887         37        640: 37% ━━━━╸─────── 490/1298 2.6it/s 3:27<5:17[K      1/100      6.55G      1.474      1.409   0.005885         53        640: 37% ━━━━╸─────── 491/1298 2.6it/s 3:27<5:16[K      1/100      6.55G      1.474      1.408   0.005884         31        640: 37% ━━━━╸─────── 492/1298 2.6it/s 3:27<5:14[K      1/100      6.55G      1.473      1.407    0.00588         29        640: 37% ━━━━╸─────── 493/1298 2.6it/s 3:28<5:13[K      1/100      6.55G      1.474      1.406   0.005879         40        640: 38% ━━━━╸─────── 494/1298 2.6it/s 3:28<5:14[K      1/100      6.55G      1.473      1.406   0.005877         23        640: 38% ━━━━╸─────── 495/1298 2.6it/s 3:29<5:13[K      1/100      6.55G      1.473      1.405   0.005875         38        640: 38% ━━━━╸─────── 496/1298 2.6it/s 3:29<5:13[K      1/100      6.55G      1.472      1.404    0.00587         35        640: 38% ━━━━╸─────── 497/1298 2.6it/s 3:29<5:12[K      1/100      6.55G      1.472      1.403   0.005867         35        640: 38% ━━━━╸─────── 498/1298 2.6it/s 3:30<5:12[K      1/100      6.55G      1.472      1.402   0.005865         44        640: 38% ━━━━╸─────── 499/1298 2.6it/s 3:30<5:12[K      1/100      6.55G      1.472      1.402   0.005862         29        640: 38% ━━━━╸─────── 500/1298 2.6it/s 3:31<5:11[K      1/100      6.55G      1.472      1.402   0.005862         31        640: 38% ━━━━╸─────── 501/1298 2.6it/s 3:31<5:12[K      1/100      6.55G      1.471      1.401   0.005863         31        640: 38% ━━━━╸─────── 502/1298 2.5it/s 3:31<5:12[K      1/100      6.55G      1.471      1.401   0.005862         41        640: 38% ━━━━╸─────── 503/1298 2.5it/s 3:32<5:13[K      1/100      6.55G      1.471        1.4   0.005862         40        640: 38% ━━━━╸─────── 504/1298 2.6it/s 3:32<5:11[K      1/100      6.55G       1.47      1.399   0.005857         27        640: 38% ━━━━╸─────── 505/1298 2.6it/s 3:33<5:09[K      1/100      6.55G      1.469      1.398   0.005853         49        640: 38% ━━━━╸─────── 506/1298 2.6it/s 3:33<5:07[K      1/100      6.55G      1.469      1.397   0.005849         46        640: 39% ━━━━╸─────── 507/1298 2.6it/s 3:33<5:05[K      1/100      6.55G      1.469      1.396   0.005847         30        640: 39% ━━━━╸─────── 508/1298 2.6it/s 3:34<5:05[K      1/100      6.55G      1.468      1.395   0.005846         38        640: 39% ━━━━╸─────── 509/1298 2.6it/s 3:34<5:05[K      1/100      6.55G      1.468      1.394   0.005844         40        640: 39% ━━━━╸─────── 510/1298 2.6it/s 3:34<5:04[K      1/100      6.55G      1.468      1.393   0.005845         46        640: 39% ━━━━╸─────── 511/1298 2.6it/s 3:35<5:03[K      1/100      6.55G      1.468      1.393   0.005844         38        640: 39% ━━━━╸─────── 512/1298 2.6it/s 3:35<5:04[K      1/100      6.55G      1.469      1.392   0.005845         43        640: 39% ━━━━╸─────── 513/1298 2.6it/s 3:36<5:05[K      1/100      6.55G      1.468      1.392   0.005843         38        640: 39% ━━━━╸─────── 514/1298 2.6it/s 3:36<5:03[K      1/100      6.55G      1.467      1.391   0.005838         34        640: 39% ━━━━╸─────── 515/1298 2.6it/s 3:36<5:03[K      1/100      6.55G      1.466       1.39   0.005833         45        640: 39% ━━━━╸─────── 516/1298 2.6it/s 3:37<5:04[K      1/100      6.55G      1.466      1.389   0.005829         31        640: 39% ━━━━╸─────── 517/1298 2.6it/s 3:37<5:04[K      1/100      6.55G      1.466      1.389   0.005828         45        640: 39% ━━━━╸─────── 518/1298 2.6it/s 3:38<5:04[K      1/100      6.55G      1.466      1.388   0.005824         41        640: 39% ━━━━╸─────── 519/1298 2.6it/s 3:38<5:03[K      1/100      6.55G      1.466      1.387   0.005822         49        640: 40% ━━━━╸─────── 520/1298 2.6it/s 3:38<5:03[K      1/100      6.55G      1.466      1.387    0.00582         31        640: 40% ━━━━╸─────── 521/1298 2.6it/s 3:39<5:03[K      1/100      6.55G      1.465      1.386   0.005817         43        640: 40% ━━━━╸─────── 522/1298 2.6it/s 3:39<5:02[K      1/100      6.55G      1.465      1.385   0.005815         38        640: 40% ━━━━╸─────── 523/1298 2.6it/s 3:40<5:00[K      1/100      6.55G      1.464      1.384   0.005811         53        640: 40% ━━━━╸─────── 524/1298 2.6it/s 3:40<5:03[K      1/100      6.55G      1.464      1.383    0.00581         35        640: 40% ━━━━╸─────── 525/1298 2.6it/s 3:40<5:03[K      1/100      6.55G      1.463      1.383   0.005808         43        640: 40% ━━━━╸─────── 526/1298 2.6it/s 3:41<5:01[K      1/100      6.55G      1.463      1.382   0.005804         34        640: 40% ━━━━╸─────── 527/1298 2.6it/s 3:41<4:59[K      1/100      6.55G      1.462      1.381   0.005802         37        640: 40% ━━━━╸─────── 528/1298 2.3it/s 3:42<5:35[K      1/100      6.55G      1.462       1.38   0.005799         30        640: 40% ━━━━╸─────── 529/1298 2.4it/s 3:42<5:22[K      1/100      6.55G      1.462       1.38   0.005798         45        640: 40% ━━━━╸─────── 530/1298 2.5it/s 3:42<5:13[K      1/100      6.55G      1.461      1.379   0.005796         46        640: 40% ━━━━╸─────── 531/1298 2.5it/s 3:43<5:07[K      1/100      6.55G      1.461      1.378   0.005794         44        640: 40% ━━━━╸─────── 532/1298 2.5it/s 3:43<5:05[K      1/100      6.55G      1.461      1.379   0.005796         27        640: 41% ━━━━╸─────── 533/1298 2.5it/s 3:44<5:03[K      1/100      6.55G      1.461      1.378   0.005793         42        640: 41% ━━━━╸─────── 534/1298 2.5it/s 3:44<5:00[K      1/100      6.55G       1.46      1.378   0.005793         26        640: 41% ━━━━╸─────── 535/1298 2.6it/s 3:44<4:58[K      1/100      6.55G       1.46      1.377   0.005789         44        640: 41% ━━━━╸─────── 536/1298 2.6it/s 3:45<4:58[K      1/100      6.55G       1.46      1.376   0.005789         40        640: 41% ━━━━╸─────── 537/1298 2.6it/s 3:45<4:57[K      1/100      6.55G      1.459      1.375   0.005786         47        640: 41% ━━━━╸─────── 538/1298 2.6it/s 3:46<4:55[K      1/100      6.55G      1.459      1.375   0.005791         27        640: 41% ━━━━╸─────── 539/1298 2.6it/s 3:46<4:54[K      1/100      6.55G      1.459      1.374   0.005792         46        640: 41% ━━━━╸─────── 540/1298 2.6it/s 3:46<4:55[K      1/100      6.55G      1.458      1.373    0.00579         36        640: 41% ━━━━━─────── 541/1298 2.6it/s 3:47<4:53[K      1/100      6.55G      1.459      1.373   0.005789         39        640: 41% ━━━━━─────── 542/1298 2.6it/s 3:47<4:52[K      1/100      6.55G      1.458      1.372   0.005787         35        640: 41% ━━━━━─────── 543/1298 2.6it/s 3:47<4:51[K      1/100      6.55G      1.458      1.372   0.005787         29        640: 41% ━━━━━─────── 544/1298 2.6it/s 3:48<4:53[K      1/100      6.55G      1.458      1.371   0.005785         36        640: 41% ━━━━━─────── 545/1298 2.6it/s 3:48<4:52[K      1/100      6.55G      1.457       1.37   0.005783         48        640: 42% ━━━━━─────── 546/1298 2.6it/s 3:49<4:51[K      1/100      6.55G      1.457      1.369    0.00578         40        640: 42% ━━━━━─────── 547/1298 2.6it/s 3:49<4:51[K      1/100      6.55G      1.457      1.369   0.005779         33        640: 42% ━━━━━─────── 548/1298 2.6it/s 3:49<4:52[K      1/100      6.55G      1.457      1.368   0.005779         37        640: 42% ━━━━━─────── 549/1298 2.6it/s 3:50<4:52[K      1/100      6.55G      1.457      1.368   0.005775         36        640: 42% ━━━━━─────── 550/1298 2.6it/s 3:50<4:50[K      1/100      6.55G      1.457      1.367   0.005776         31        640: 42% ━━━━━─────── 551/1298 2.6it/s 3:51<4:49[K      1/100      6.55G      1.456      1.366   0.005773         54        640: 42% ━━━━━─────── 552/1298 2.6it/s 3:51<4:50[K      1/100      6.55G      1.457      1.366   0.005772         43        640: 42% ━━━━━─────── 553/1298 2.6it/s 3:51<4:49[K      1/100      6.55G      1.456      1.365   0.005769         38        640: 42% ━━━━━─────── 554/1298 2.6it/s 3:52<4:47[K      1/100      6.55G      1.456      1.364   0.005768         30        640: 42% ━━━━━─────── 555/1298 2.6it/s 3:52<4:47[K      1/100      6.55G      1.456      1.364   0.005769         29        640: 42% ━━━━━─────── 556/1298 2.6it/s 3:53<4:48[K      1/100      6.55G      1.457      1.364   0.005769         43        640: 42% ━━━━━─────── 557/1298 2.6it/s 3:53<4:47[K      1/100      6.55G      1.457      1.363   0.005769         47        640: 42% ━━━━━─────── 558/1298 2.6it/s 3:53<4:47[K      1/100      6.55G      1.457      1.363   0.005767         42        640: 43% ━━━━━─────── 559/1298 2.6it/s 3:54<4:46[K      1/100      6.55G      1.456      1.362   0.005764         58        640: 43% ━━━━━─────── 560/1298 2.6it/s 3:54<4:47[K      1/100      6.55G      1.456      1.362   0.005761         50        640: 43% ━━━━━─────── 561/1298 2.6it/s 3:54<4:46[K      1/100      6.55G      1.456      1.361   0.005759         47        640: 43% ━━━━━─────── 562/1298 2.6it/s 3:55<4:45[K      1/100      6.55G      1.456       1.36   0.005758         51        640: 43% ━━━━━─────── 563/1298 2.6it/s 3:55<4:45[K      1/100      6.55G      1.455       1.36   0.005754         47        640: 43% ━━━━━─────── 564/1298 2.6it/s 3:56<4:47[K      1/100      6.55G      1.455      1.359   0.005753         37        640: 43% ━━━━━─────── 565/1298 2.6it/s 3:56<4:45[K      1/100      6.55G      1.455      1.358   0.005753         45        640: 43% ━━━━━─────── 566/1298 2.6it/s 3:56<4:44[K      1/100      6.55G      1.455      1.358   0.005749         37        640: 43% ━━━━━─────── 567/1298 2.6it/s 3:57<4:43[K      1/100      6.55G      1.455      1.357   0.005746         54        640: 43% ━━━━━─────── 568/1298 2.6it/s 3:57<4:44[K      1/100      6.55G      1.454      1.356   0.005744         38        640: 43% ━━━━━─────── 569/1298 2.6it/s 3:58<4:43[K      1/100      6.55G      1.454      1.356   0.005742         49        640: 43% ━━━━━─────── 570/1298 2.6it/s 3:58<4:43[K      1/100      6.55G      1.454      1.355   0.005741         33        640: 43% ━━━━━─────── 571/1298 2.6it/s 3:58<4:42[K      1/100      6.55G      1.454      1.354   0.005742         44        640: 44% ━━━━━─────── 572/1298 2.6it/s 3:59<4:42[K      1/100      6.55G      1.454      1.354   0.005741         37        640: 44% ━━━━━─────── 573/1298 2.6it/s 3:59<4:41[K      1/100      6.55G      1.454      1.353    0.00574         39        640: 44% ━━━━━─────── 574/1298 2.6it/s 3:60<4:40[K      1/100      6.55G      1.453      1.353   0.005738         31        640: 44% ━━━━━─────── 575/1298 2.6it/s 3:60<4:40[K      1/100      6.55G      1.453      1.352   0.005735         34        640: 44% ━━━━━─────── 576/1298 2.6it/s 4:00<4:43[K      1/100      6.55G      1.452      1.351   0.005732         36        640: 44% ━━━━━─────── 577/1298 2.6it/s 4:01<4:43[K      1/100      6.55G      1.452      1.351   0.005731         29        640: 44% ━━━━━─────── 578/1298 2.6it/s 4:01<4:41[K      1/100      6.55G      1.452       1.35   0.005728         35        640: 44% ━━━━━─────── 579/1298 2.6it/s 4:01<4:39[K      1/100      6.55G      1.452      1.349   0.005727         34        640: 44% ━━━━━─────── 580/1298 2.6it/s 4:02<4:40[K      1/100      6.55G      1.452      1.349   0.005725         42        640: 44% ━━━━━─────── 581/1298 2.6it/s 4:02<4:39[K      1/100      6.55G      1.452      1.348   0.005724         32        640: 44% ━━━━━─────── 582/1298 2.6it/s 4:03<4:37[K      1/100      6.55G      1.451      1.347   0.005724         33        640: 44% ━━━━━─────── 583/1298 2.6it/s 4:03<4:36[K      1/100      6.55G      1.451      1.347   0.005722         39        640: 44% ━━━━━─────── 584/1298 2.6it/s 4:03<4:38[K      1/100      6.55G      1.452      1.347   0.005725         21        640: 45% ━━━━━─────── 585/1298 2.6it/s 4:04<4:37[K      1/100      6.55G      1.451      1.346   0.005722         29        640: 45% ━━━━━─────── 586/1298 2.6it/s 4:04<4:36[K      1/100      6.55G       1.45      1.345    0.00572         26        640: 45% ━━━━━─────── 587/1298 2.6it/s 4:05<4:35[K      1/100      6.55G       1.45      1.345   0.005718         38        640: 45% ━━━━━─────── 588/1298 2.6it/s 4:05<4:38[K      1/100      6.55G       1.45      1.344   0.005714         37        640: 45% ━━━━━─────── 589/1298 2.6it/s 4:05<4:37[K      1/100      6.55G      1.449      1.343   0.005711         37        640: 45% ━━━━━─────── 590/1298 2.6it/s 4:06<4:35[K      1/100      6.55G      1.448      1.342   0.005707         39        640: 45% ━━━━━─────── 591/1298 2.6it/s 4:06<4:34[K      1/100      6.55G      1.448      1.342   0.005705         48        640: 45% ━━━━━─────── 592/1298 2.6it/s 4:07<4:35[K      1/100      6.55G      1.448      1.341   0.005703         41        640: 45% ━━━━━─────── 593/1298 2.6it/s 4:07<4:34[K      1/100      6.55G      1.448       1.34   0.005703         38        640: 45% ━━━━━─────── 594/1298 2.6it/s 4:07<4:33[K      1/100      6.55G      1.447       1.34     0.0057         26        640: 45% ━━━━━╸────── 595/1298 2.6it/s 4:08<4:32[K      1/100      6.55G      1.447      1.339     0.0057         36        640: 45% ━━━━━╸────── 596/1298 2.6it/s 4:08<4:32[K      1/100      6.55G      1.446      1.338   0.005697         31        640: 45% ━━━━━╸────── 597/1298 2.6it/s 4:08<4:32[K      1/100      6.55G      1.446      1.338   0.005693         30        640: 46% ━━━━━╸────── 598/1298 2.6it/s 4:09<4:31[K      1/100      6.55G      1.446      1.337   0.005691         30        640: 46% ━━━━━╸────── 599/1298 2.6it/s 4:09<4:30[K      1/100      6.55G      1.445      1.336   0.005691         42        640: 46% ━━━━━╸────── 600/1298 2.6it/s 4:10<4:31[K      1/100      6.55G      1.445      1.336   0.005691         38        640: 46% ━━━━━╸────── 601/1298 2.6it/s 4:10<4:30[K      1/100      6.55G      1.445      1.335   0.005689         38        640: 46% ━━━━━╸────── 602/1298 2.6it/s 4:10<4:29[K      1/100      6.55G      1.445      1.335    0.00569         30        640: 46% ━━━━━╸────── 603/1298 2.6it/s 4:11<4:28[K      1/100      6.55G      1.445      1.334   0.005687         41        640: 46% ━━━━━╸────── 604/1298 2.6it/s 4:11<4:29[K      1/100      6.55G      1.445      1.334   0.005685         44        640: 46% ━━━━━╸────── 605/1298 2.6it/s 4:12<4:28[K      1/100      6.55G      1.444      1.333   0.005683         47        640: 46% ━━━━━╸────── 606/1298 2.6it/s 4:12<4:27[K      1/100      6.55G      1.444      1.332    0.00568         35        640: 46% ━━━━━╸────── 607/1298 2.6it/s 4:12<4:27[K      1/100      6.55G      1.443      1.331   0.005678         28        640: 46% ━━━━━╸────── 608/1298 2.6it/s 4:13<4:28[K      1/100      6.55G      1.443       1.33   0.005676         37        640: 46% ━━━━━╸────── 609/1298 2.6it/s 4:13<4:27[K      1/100      6.55G      1.443       1.33   0.005676         25        640: 46% ━━━━━╸────── 610/1298 2.6it/s 4:13<4:26[K      1/100      6.55G      1.442      1.329   0.005675         34        640: 47% ━━━━━╸────── 611/1298 2.6it/s 4:14<4:25[K      1/100      6.55G      1.442      1.329   0.005672         40        640: 47% ━━━━━╸────── 612/1298 2.6it/s 4:14<4:25[K      1/100      6.55G      1.442      1.328   0.005671         38        640: 47% ━━━━━╸────── 613/1298 2.6it/s 4:15<4:26[K      1/100      6.55G      1.442      1.327   0.005669         37        640: 47% ━━━━━╸────── 614/1298 2.6it/s 4:15<4:25[K      1/100      6.55G      1.441      1.327   0.005666         44        640: 47% ━━━━━╸────── 615/1298 2.6it/s 4:15<4:24[K      1/100      6.55G      1.441      1.326   0.005664         31        640: 47% ━━━━━╸────── 616/1298 2.6it/s 4:16<4:25[K      1/100      6.55G      1.442      1.326   0.005662         49        640: 47% ━━━━━╸────── 617/1298 2.6it/s 4:16<4:24[K      1/100      6.55G      1.441      1.325   0.005662         42        640: 47% ━━━━━╸────── 618/1298 2.6it/s 4:17<4:24[K      1/100      6.55G      1.441      1.325   0.005661         43        640: 47% ━━━━━╸────── 619/1298 2.6it/s 4:17<4:23[K      1/100      6.55G      1.441      1.324    0.00566         32        640: 47% ━━━━━╸────── 620/1298 2.6it/s 4:17<4:23[K      1/100      6.55G      1.441      1.323    0.00566         45        640: 47% ━━━━━╸────── 621/1298 2.6it/s 4:18<4:23[K      1/100      6.55G      1.441      1.323   0.005659         38        640: 47% ━━━━━╸────── 622/1298 2.6it/s 4:18<4:25[K      1/100      6.55G      1.441      1.323   0.005658         36        640: 47% ━━━━━╸────── 623/1298 2.6it/s 4:19<4:23[K      1/100      6.55G      1.441      1.323   0.005657         37        640: 48% ━━━━━╸────── 624/1298 2.6it/s 4:19<4:22[K      1/100      6.55G      1.441      1.322   0.005654         36        640: 48% ━━━━━╸────── 625/1298 2.6it/s 4:19<4:22[K      1/100      6.55G       1.44      1.321   0.005653         33        640: 48% ━━━━━╸────── 626/1298 2.6it/s 4:20<4:21[K      1/100      6.55G       1.44       1.32   0.005653         30        640: 48% ━━━━━╸────── 627/1298 2.6it/s 4:20<4:20[K      1/100      6.55G       1.44       1.32   0.005656         42        640: 48% ━━━━━╸────── 628/1298 2.6it/s 4:20<4:20[K      1/100      6.55G       1.44      1.319   0.005654         42        640: 48% ━━━━━╸────── 629/1298 2.6it/s 4:21<4:20[K      1/100      6.55G       1.44      1.319   0.005651         34        640: 48% ━━━━━╸────── 630/1298 2.6it/s 4:21<4:19[K      1/100      6.55G       1.44      1.318    0.00565         26        640: 48% ━━━━━╸────── 631/1298 2.6it/s 4:22<4:18[K      1/100      6.55G       1.44      1.317   0.005652         38        640: 48% ━━━━━╸────── 632/1298 2.6it/s 4:22<4:20[K      1/100      6.55G       1.44      1.317   0.005651         39        640: 48% ━━━━━╸────── 633/1298 2.6it/s 4:22<4:21[K      1/100      6.55G      1.439      1.316   0.005649         45        640: 48% ━━━━━╸────── 634/1298 2.6it/s 4:23<4:19[K      1/100      6.55G      1.439      1.316   0.005648         42        640: 48% ━━━━━╸────── 635/1298 2.6it/s 4:23<4:18[K      1/100      6.55G      1.438      1.315   0.005645         25        640: 48% ━━━━━╸────── 636/1298 2.6it/s 4:24<4:18[K      1/100      6.55G      1.438      1.314   0.005643         29        640: 49% ━━━━━╸────── 637/1298 2.6it/s 4:24<4:17[K      1/100      6.55G      1.437      1.314   0.005644         34        640: 49% ━━━━━╸────── 638/1298 2.6it/s 4:24<4:15[K      1/100      6.55G      1.437      1.313   0.005642         44        640: 49% ━━━━━╸────── 639/1298 2.6it/s 4:25<4:13[K      1/100      6.55G      1.437      1.312   0.005641         39        640: 49% ━━━━━╸────── 640/1298 2.6it/s 4:25<4:14[K      1/100      6.55G      1.437      1.313   0.005641         31        640: 49% ━━━━━╸────── 641/1298 2.6it/s 4:26<4:13[K      1/100      6.55G      1.436      1.312   0.005639         24        640: 49% ━━━━━╸────── 642/1298 2.6it/s 4:26<4:11[K      1/100      6.55G      1.436      1.311   0.005639         34        640: 49% ━━━━━╸────── 643/1298 2.6it/s 4:26<4:10[K      1/100      6.55G      1.435      1.311   0.005635         27        640: 49% ━━━━━╸────── 644/1298 2.6it/s 4:27<4:13[K      1/100      6.55G      1.435      1.311   0.005636         38        640: 49% ━━━━━╸────── 645/1298 2.6it/s 4:27<4:13[K      1/100      6.55G      1.435       1.31   0.005632         44        640: 49% ━━━━━╸────── 646/1298 2.6it/s 4:27<4:13[K      1/100      6.55G      1.434      1.309    0.00563         48        640: 49% ━━━━━╸────── 647/1298 2.6it/s 4:28<4:11[K      1/100      6.55G      1.434      1.309   0.005629         45        640: 49% ━━━━━╸────── 648/1298 2.6it/s 4:28<4:12[K      1/100      6.55G      1.434      1.309   0.005628         39        640: 50% ━━━━━━────── 649/1298 3.4it/s 4:28<3:09[K      1/100      6.56G      1.434      1.308   0.005627         42        640: 50% ━━━━━━────── 650/1298 3.2it/s 4:29<3:25[K      1/100      6.56G      1.435      1.309   0.005629         23        640: 50% ━━━━━━────── 651/1298 3.9it/s 4:29<2:46[K      1/100      6.56G      1.434      1.309   0.005629         27        640: 50% ━━━━━━────── 652/1298 3.5it/s 4:29<3:06[K      1/100      6.56G      1.434      1.308   0.005628         44        640: 50% ━━━━━━────── 653/1298 4.1it/s 4:30<2:39[K      1/100      6.56G      1.434      1.308   0.005626         23        640: 50% ━━━━━━────── 654/1298 3.6it/s 4:30<2:59[K      1/100      6.56G      1.434      1.308   0.005625         42        640: 50% ━━━━━━────── 655/1298 4.1it/s 4:30<2:35[K      1/100      6.56G      1.434      1.307   0.005625         34        640: 50% ━━━━━━────── 656/1298 3.7it/s 4:31<2:55[K      1/100      6.56G      1.433      1.306   0.005622         37        640: 50% ━━━━━━────── 657/1298 4.2it/s 4:31<2:32[K      1/100      6.56G      1.433      1.306   0.005621         40        640: 50% ━━━━━━────── 658/1298 3.7it/s 4:31<2:53[K      1/100      6.56G      1.433      1.305    0.00562         38        640: 50% ━━━━━━────── 659/1298 4.3it/s 4:31<2:29[K      1/100      6.56G      1.433      1.306    0.00562         31        640: 50% ━━━━━━────── 660/1298 3.7it/s 4:32<2:50[K      1/100      6.56G      1.433      1.305    0.00562         29        640: 50% ━━━━━━────── 661/1298 4.2it/s 4:32<2:30[K      1/100      6.56G      1.432      1.305   0.005616         31        640: 51% ━━━━━━────── 662/1298 3.7it/s 4:32<2:51[K      1/100      6.56G      1.432      1.304   0.005614         54        640: 51% ━━━━━━────── 663/1298 4.3it/s 4:32<2:28[K      1/100      6.56G      1.432      1.304   0.005617         34        640: 51% ━━━━━━────── 664/1298 3.8it/s 4:33<2:49[K      1/100      6.56G      1.432      1.303   0.005615         53        640: 51% ━━━━━━────── 665/1298 4.3it/s 4:33<2:29[K      1/100      6.56G      1.432      1.303   0.005613         44        640: 51% ━━━━━━────── 666/1298 3.7it/s 4:33<2:49[K      1/100      6.56G      1.432      1.302   0.005612         38        640: 51% ━━━━━━────── 667/1298 4.3it/s 4:34<2:27[K      1/100      6.56G      1.431      1.302    0.00561         39        640: 51% ━━━━━━────── 668/1298 3.8it/s 4:34<2:48[K      1/100      6.56G      1.431      1.301   0.005608         36        640: 51% ━━━━━━────── 669/1298 4.3it/s 4:34<2:27[K      1/100      6.56G      1.431      1.301   0.005605         41        640: 51% ━━━━━━────── 670/1298 3.7it/s 4:35<2:48[K      1/100      6.56G      1.431        1.3   0.005604         39        640: 51% ━━━━━━────── 671/1298 4.3it/s 4:35<2:26[K      1/100      6.56G      1.431        1.3   0.005604         30        640: 51% ━━━━━━────── 672/1298 3.8it/s 4:35<2:47[K      1/100      6.56G      1.431        1.3   0.005601         32        640: 51% ━━━━━━────── 673/1298 4.3it/s 4:35<2:26[K      1/100      6.56G       1.43      1.299   0.005598         30        640: 51% ━━━━━━────── 674/1298 3.8it/s 4:36<2:45[K      1/100      6.56G       1.43      1.299   0.005596         43        640: 52% ━━━━━━────── 675/1298 4.3it/s 4:36<2:25[K      1/100      6.56G       1.43      1.298   0.005597         33        640: 52% ━━━━━━────── 676/1298 3.8it/s 4:36<2:45[K      1/100      6.56G       1.43      1.298   0.005596         31        640: 52% ━━━━━━────── 677/1298 4.3it/s 4:37<2:24[K      1/100      6.56G      1.429      1.297   0.005594         43        640: 52% ━━━━━━────── 678/1298 3.8it/s 4:37<2:44[K      1/100      6.56G      1.429      1.296   0.005594         35        640: 52% ━━━━━━────── 679/1298 4.3it/s 4:37<2:23[K      1/100      6.56G      1.429      1.296   0.005592         36        640: 52% ━━━━━━────── 680/1298 3.8it/s 4:37<2:43[K      1/100      6.56G      1.429      1.295    0.00559         41        640: 52% ━━━━━━────── 681/1298 4.3it/s 4:38<2:24[K      1/100      6.56G      1.428      1.295   0.005588         32        640: 52% ━━━━━━────── 682/1298 3.8it/s 4:38<2:44[K      1/100      6.56G      1.428      1.294   0.005587         41        640: 52% ━━━━━━────── 683/1298 4.3it/s 4:38<2:23[K      1/100      6.56G      1.428      1.294   0.005586         50        640: 52% ━━━━━━────── 684/1298 3.8it/s 4:39<2:43[K      1/100      6.56G      1.428      1.293   0.005586         34        640: 52% ━━━━━━────── 685/1298 4.3it/s 4:39<2:23[K      1/100      6.56G      1.428      1.292   0.005583         68        640: 52% ━━━━━━────── 686/1298 3.7it/s 4:39<2:43[K      1/100      6.56G      1.427      1.292    0.00558         49        640: 52% ━━━━━━────── 687/1298 4.3it/s 4:39<2:22[K      1/100      6.56G      1.427      1.292   0.005578         40        640: 53% ━━━━━━────── 688/1298 3.8it/s 4:40<2:42[K      1/100      6.56G      1.427      1.291   0.005577         45        640: 53% ━━━━━━────── 689/1298 4.3it/s 4:40<2:22[K      1/100      6.56G      1.427      1.291   0.005576         50        640: 53% ━━━━━━────── 690/1298 3.8it/s 4:40<2:41[K      1/100      6.56G      1.427       1.29   0.005573         30        640: 53% ━━━━━━────── 691/1298 4.3it/s 4:41<2:20[K      1/100      6.56G      1.427       1.29   0.005571         54        640: 53% ━━━━━━────── 692/1298 3.8it/s 4:41<2:40[K      1/100      6.56G      1.426      1.289    0.00557         41        640: 53% ━━━━━━────── 693/1298 4.3it/s 4:41<2:22[K      1/100      6.56G      1.427      1.289    0.00557         34        640: 53% ━━━━━━────── 694/1298 3.7it/s 4:42<2:41[K      1/100      6.56G      1.426      1.288   0.005571         33        640: 53% ━━━━━━────── 695/1298 4.3it/s 4:42<2:20[K      1/100      6.56G      1.426      1.288   0.005568         51        640: 53% ━━━━━━────── 696/1298 3.8it/s 4:42<2:40[K      1/100      6.56G      1.425      1.287   0.005566         49        640: 53% ━━━━━━────── 697/1298 4.3it/s 4:42<2:21[K      1/100      6.56G      1.425      1.286   0.005564         39        640: 53% ━━━━━━────── 698/1298 3.7it/s 4:43<2:41[K      1/100      6.56G      1.425      1.286   0.005563         42        640: 53% ━━━━━━────── 699/1298 4.3it/s 4:43<2:20[K      1/100      6.56G      1.425      1.285    0.00556         37        640: 53% ━━━━━━────── 700/1298 3.7it/s 4:43<2:40[K      1/100      6.56G      1.424      1.284    0.00556         25        640: 54% ━━━━━━────── 701/1298 4.2it/s 4:43<2:21[K      1/100      6.56G      1.425      1.284   0.005558         34        640: 54% ━━━━━━────── 702/1298 3.7it/s 4:44<2:41[K      1/100      6.56G      1.424      1.283    0.00556         30        640: 54% ━━━━━━────── 703/1298 4.2it/s 4:44<2:20[K      1/100      6.56G      1.424      1.282   0.005559         34        640: 54% ━━━━━━╸───── 704/1298 3.7it/s 4:44<2:41[K      1/100      6.56G      1.423      1.282   0.005557         29        640: 54% ━━━━━━╸───── 705/1298 4.2it/s 4:45<2:21[K      1/100      6.56G      1.423      1.282   0.005557         35        640: 54% ━━━━━━╸───── 706/1298 3.7it/s 4:45<2:40[K      1/100      6.56G      1.423      1.281   0.005555         47        640: 54% ━━━━━━╸───── 707/1298 4.2it/s 4:45<2:20[K      1/100      6.56G      1.423      1.281   0.005554         38        640: 54% ━━━━━━╸───── 708/1298 3.7it/s 4:46<2:39[K      1/100      6.56G      1.423      1.281   0.005558         30        640: 54% ━━━━━━╸───── 709/1298 4.2it/s 4:46<2:19[K      1/100      6.56G      1.422      1.281   0.005556         36        640: 54% ━━━━━━╸───── 710/1298 3.7it/s 4:46<2:38[K      1/100      6.56G      1.422       1.28   0.005557         32        640: 54% ━━━━━━╸───── 711/1298 4.3it/s 4:46<2:18[K      1/100      6.56G      1.422       1.28   0.005559         32        640: 54% ━━━━━━╸───── 712/1298 3.7it/s 4:47<2:37[K      1/100      6.56G      1.422      1.279   0.005556         39        640: 54% ━━━━━━╸───── 713/1298 4.3it/s 4:47<2:18[K      1/100      6.56G      1.421      1.279   0.005554         46        640: 55% ━━━━━━╸───── 714/1298 3.7it/s 4:47<2:36[K      1/100      6.56G      1.421      1.278   0.005556         39        640: 55% ━━━━━━╸───── 715/1298 4.3it/s 4:48<2:17[K      1/100      6.56G      1.421      1.278   0.005555         42        640: 55% ━━━━━━╸───── 716/1298 3.7it/s 4:48<2:36[K      1/100      6.56G      1.421      1.277   0.005552         33        640: 55% ━━━━━━╸───── 717/1298 4.2it/s 4:48<2:19[K      1/100      6.56G       1.42      1.277   0.005549         29        640: 55% ━━━━━━╸───── 718/1298 3.7it/s 4:49<2:37[K      1/100      6.56G       1.42      1.276   0.005547         51        640: 55% ━━━━━━╸───── 719/1298 4.2it/s 4:49<2:17[K      1/100      6.56G       1.42      1.276   0.005547         49        640: 55% ━━━━━━╸───── 720/1298 3.7it/s 4:49<2:36[K      1/100      6.56G       1.42      1.275   0.005545         42        640: 55% ━━━━━━╸───── 721/1298 4.2it/s 4:49<2:16[K      1/100      6.56G       1.42      1.275   0.005543         57        640: 55% ━━━━━━╸───── 722/1298 3.7it/s 4:50<2:35[K      1/100      6.56G      1.419      1.275   0.005542         36        640: 55% ━━━━━━╸───── 723/1298 4.2it/s 4:50<2:16[K      1/100      6.56G      1.419      1.274   0.005541         40        640: 55% ━━━━━━╸───── 724/1298 3.7it/s 4:50<2:36[K      1/100      6.56G      1.419      1.274    0.00554         33        640: 55% ━━━━━━╸───── 725/1298 4.2it/s 4:50<2:16[K      1/100      6.56G      1.419      1.274   0.005537         36        640: 55% ━━━━━━╸───── 726/1298 3.7it/s 4:51<2:34[K      1/100      6.56G      1.419      1.273   0.005539         29        640: 56% ━━━━━━╸───── 727/1298 4.2it/s 4:51<2:16[K      1/100      6.56G      1.419      1.273   0.005537         43        640: 56% ━━━━━━╸───── 728/1298 3.7it/s 4:51<2:35[K      1/100      6.56G      1.419      1.272   0.005535         41        640: 56% ━━━━━━╸───── 729/1298 4.2it/s 4:52<2:15[K      1/100      6.56G      1.419      1.271   0.005533         39        640: 56% ━━━━━━╸───── 730/1298 3.7it/s 4:52<2:32[K      1/100      6.56G      1.419      1.271   0.005534         44        640: 56% ━━━━━━╸───── 731/1298 4.3it/s 4:52<2:13[K      1/100      6.56G      1.418      1.271   0.005531         29        640: 56% ━━━━━━╸───── 732/1298 3.7it/s 4:53<2:31[K      1/100      6.56G      1.418       1.27   0.005531         57        640: 56% ━━━━━━╸───── 733/1298 4.3it/s 4:53<2:12[K      1/100      6.56G      1.418      1.269   0.005529         42        640: 56% ━━━━━━╸───── 734/1298 3.7it/s 4:53<2:31[K      1/100      6.56G      1.418      1.269   0.005527         49        640: 56% ━━━━━━╸───── 735/1298 3.4it/s 4:54<2:45[K      1/100      6.56G      1.417      1.268   0.005524         45        640: 56% ━━━━━━╸───── 736/1298 3.1it/s 4:54<2:59[K      1/100      6.56G      1.417      1.268   0.005522         50        640: 56% ━━━━━━╸───── 737/1298 3.9it/s 4:54<2:25[K      1/100      6.56G      1.416      1.267   0.005522         45        640: 56% ━━━━━━╸───── 738/1298 3.5it/s 4:55<2:41[K      1/100      6.56G      1.416      1.267    0.00552         33        640: 56% ━━━━━━╸───── 739/1298 4.1it/s 4:55<2:15[K      1/100      6.56G      1.415      1.266   0.005518         34        640: 57% ━━━━━━╸───── 740/1298 3.6it/s 4:55<2:33[K      1/100      6.56G      1.415      1.265   0.005518         27        640: 57% ━━━━━━╸───── 741/1298 4.2it/s 4:55<2:12[K      1/100      6.56G      1.415      1.265   0.005518         35        640: 57% ━━━━━━╸───── 742/1298 3.7it/s 4:56<2:29[K      1/100      6.56G      1.415      1.265   0.005517         43        640: 57% ━━━━━━╸───── 743/1298 4.3it/s 4:56<2:09[K      1/100      6.56G      1.415      1.265   0.005519         41        640: 57% ━━━━━━╸───── 744/1298 3.8it/s 4:56<2:27[K      1/100      6.56G      1.415      1.264   0.005517         39        640: 57% ━━━━━━╸───── 745/1298 4.3it/s 4:56<2:08[K      1/100      6.56G      1.414      1.264   0.005515         35        640: 57% ━━━━━━╸───── 746/1298 3.8it/s 4:57<2:25[K      1/100      6.56G      1.414      1.263   0.005515         33        640: 57% ━━━━━━╸───── 747/1298 4.4it/s 4:57<2:07[K      1/100      6.56G      1.414      1.262   0.005514         42        640: 57% ━━━━━━╸───── 748/1298 3.8it/s 4:57<2:24[K      1/100      6.56G      1.413      1.262   0.005512         36        640: 57% ━━━━━━╸───── 749/1298 4.3it/s 4:58<2:07[K      1/100      6.56G      1.413      1.262   0.005511         42        640: 57% ━━━━━━╸───── 750/1298 3.8it/s 4:58<2:25[K      1/100      6.56G      1.413      1.262   0.005509         48        640: 57% ━━━━━━╸───── 751/1298 4.3it/s 4:58<2:06[K      1/100      6.56G      1.412      1.261   0.005507         31        640: 57% ━━━━━━╸───── 752/1298 3.8it/s 4:59<2:24[K      1/100      6.56G      1.412       1.26   0.005509         29        640: 58% ━━━━━━╸───── 753/1298 4.3it/s 4:59<2:07[K      1/100      6.56G      1.412       1.26   0.005507         44        640: 58% ━━━━━━╸───── 754/1298 3.8it/s 4:59<2:25[K      1/100      6.56G      1.412       1.26   0.005507         39        640: 58% ━━━━━━╸───── 755/1298 4.3it/s 4:59<2:06[K      1/100      6.56G      1.412      1.259   0.005506         46        640: 58% ━━━━━━╸───── 756/1298 3.8it/s 4:60<2:24[K      1/100      6.56G      1.411      1.259   0.005504         30        640: 58% ━━━━━━╸───── 757/1298 4.3it/s 4:60<2:07[K      1/100      6.56G      1.411      1.258   0.005503         37        640: 58% ━━━━━━━───── 758/1298 3.7it/s 5:00<2:24[K      1/100      6.56G      1.411      1.258   0.005501         46        640: 58% ━━━━━━━───── 759/1298 4.3it/s 5:00<2:05[K      1/100      6.56G       1.41      1.258   0.005498         42        640: 58% ━━━━━━━───── 760/1298 3.8it/s 5:01<2:23[K      1/100      6.56G       1.41      1.258   0.005498         38        640: 58% ━━━━━━━───── 761/1298 4.3it/s 5:01<2:06[K      1/100      6.56G       1.41      1.257   0.005498         39        640: 58% ━━━━━━━───── 762/1298 3.7it/s 5:01<2:23[K      1/100      6.56G       1.41      1.257   0.005497         46        640: 58% ━━━━━━━───── 763/1298 4.3it/s 5:02<2:05[K      1/100      6.56G       1.41      1.256   0.005497         41        640: 58% ━━━━━━━───── 764/1298 3.8it/s 5:02<2:22[K      1/100      6.56G       1.41      1.256   0.005497         38        640: 58% ━━━━━━━───── 765/1298 4.3it/s 5:02<2:05[K      1/100      6.56G       1.41      1.256   0.005497         42        640: 59% ━━━━━━━───── 766/1298 3.7it/s 5:03<2:22[K      1/100      6.56G       1.41      1.255   0.005494         40        640: 59% ━━━━━━━───── 767/1298 4.3it/s 5:03<2:05[K      1/100      6.56G       1.41      1.255   0.005493         43        640: 59% ━━━━━━━───── 768/1298 3.7it/s 5:03<2:22[K      1/100      6.56G       1.41      1.255   0.005492         42        640: 59% ━━━━━━━───── 769/1298 4.2it/s 5:03<2:07[K      1/100      6.56G      1.409      1.254    0.00549         42        640: 59% ━━━━━━━───── 770/1298 3.7it/s 5:04<2:24[K      1/100      6.56G      1.409      1.254   0.005487         42        640: 59% ━━━━━━━───── 771/1298 4.3it/s 5:04<2:04[K      1/100      6.56G      1.409      1.253   0.005485         43        640: 59% ━━━━━━━───── 772/1298 3.7it/s 5:04<2:21[K      1/100      6.56G      1.409      1.253   0.005483         48        640: 59% ━━━━━━━───── 773/1298 4.3it/s 5:05<2:02[K      1/100      6.56G      1.408      1.252   0.005482         42        640: 59% ━━━━━━━───── 774/1298 3.8it/s 5:05<2:19[K      1/100      6.56G      1.408      1.252   0.005481         49        640: 59% ━━━━━━━───── 775/1298 4.3it/s 5:05<2:02[K      1/100      6.56G      1.408      1.252    0.00548         29        640: 59% ━━━━━━━───── 776/1298 3.8it/s 5:06<2:19[K      1/100      6.56G      1.408      1.252   0.005481         23        640: 59% ━━━━━━━───── 777/1298 4.3it/s 5:06<2:02[K      1/100      6.56G      1.407      1.251   0.005479         38        640: 59% ━━━━━━━───── 778/1298 3.8it/s 5:06<2:19[K      1/100      6.56G      1.407      1.251    0.00548         38        640: 60% ━━━━━━━───── 779/1298 4.3it/s 5:06<2:01[K      1/100      6.56G      1.408      1.251   0.005479         55        640: 60% ━━━━━━━───── 780/1298 3.8it/s 5:07<2:18[K      1/100      6.56G      1.408       1.25   0.005478         35        640: 60% ━━━━━━━───── 781/1298 4.3it/s 5:07<2:01[K      1/100      6.56G      1.407       1.25   0.005475         56        640: 60% ━━━━━━━───── 782/1298 3.7it/s 5:07<2:18[K      1/100      6.56G      1.407      1.249   0.005474         32        640: 60% ━━━━━━━───── 783/1298 4.3it/s 5:07<2:01[K      1/100      6.56G      1.407      1.249   0.005473         44        640: 60% ━━━━━━━───── 784/1298 3.7it/s 5:08<2:17[K      1/100      6.56G      1.407      1.248   0.005471         35        640: 60% ━━━━━━━───── 785/1298 4.2it/s 5:08<2:01[K      1/100      6.56G      1.407      1.248   0.005469         42        640: 60% ━━━━━━━───── 786/1298 3.7it/s 5:08<2:18[K      1/100      6.56G      1.407      1.248    0.00547         36        640: 60% ━━━━━━━───── 787/1298 4.3it/s 5:09<1:60[K      1/100      6.56G      1.407      1.248   0.005471         22        640: 60% ━━━━━━━───── 788/1298 3.7it/s 5:09<2:17[K      1/100      6.56G      1.407      1.248   0.005471         48        640: 60% ━━━━━━━───── 789/1298 4.2it/s 5:09<2:00[K      1/100      6.56G      1.406      1.247   0.005469         25        640: 60% ━━━━━━━───── 790/1298 3.7it/s 5:10<2:17[K      1/100      6.56G      1.407      1.247   0.005469         36        640: 60% ━━━━━━━───── 791/1298 4.2it/s 5:10<2:00[K      1/100      6.56G      1.406      1.247   0.005468         43        640: 61% ━━━━━━━───── 792/1298 3.7it/s 5:10<2:16[K      1/100      6.56G      1.406      1.247   0.005466         33        640: 61% ━━━━━━━───── 793/1298 4.2it/s 5:10<1:59[K      1/100      6.56G      1.405      1.246   0.005463         22        640: 61% ━━━━━━━───── 794/1298 3.7it/s 5:11<2:15[K      1/100      6.56G      1.405      1.246   0.005462         43        640: 61% ━━━━━━━───── 795/1298 4.3it/s 5:11<1:58[K      1/100      6.56G      1.405      1.246   0.005462         42        640: 61% ━━━━━━━───── 796/1298 3.8it/s 5:11<2:13[K      1/100      6.56G      1.405      1.245   0.005462         34        640: 61% ━━━━━━━───── 797/1298 4.3it/s 5:11<1:57[K      1/100      6.56G      1.405      1.245   0.005459         42        640: 61% ━━━━━━━───── 798/1298 3.7it/s 5:12<2:14[K      1/100      6.56G      1.405      1.244   0.005458         32        640: 61% ━━━━━━━───── 799/1298 4.3it/s 5:12<1:57[K      1/100      6.56G      1.404      1.243   0.005457         36        640: 61% ━━━━━━━───── 800/1298 3.7it/s 5:12<2:14[K      1/100      6.56G      1.404      1.243   0.005455         51        640: 61% ━━━━━━━───── 801/1298 4.3it/s 5:13<1:57[K      1/100      6.56G      1.404      1.242   0.005456         28        640: 61% ━━━━━━━───── 802/1298 3.8it/s 5:13<2:12[K      1/100      6.56G      1.404      1.242   0.005456         43        640: 61% ━━━━━━━───── 803/1298 4.3it/s 5:13<1:55[K      1/100      6.56G      1.404      1.242   0.005455         35        640: 61% ━━━━━━━───── 804/1298 3.8it/s 5:14<2:11[K      1/100      6.56G      1.404      1.241   0.005452         44        640: 62% ━━━━━━━───── 805/1298 4.3it/s 5:14<1:55[K      1/100      6.56G      1.403      1.241    0.00545         36        640: 62% ━━━━━━━───── 806/1298 3.8it/s 5:14<2:10[K      1/100      6.56G      1.403       1.24    0.00545         27        640: 62% ━━━━━━━───── 807/1298 4.3it/s 5:14<1:54[K      1/100      6.56G      1.403       1.24   0.005448         47        640: 62% ━━━━━━━───── 808/1298 3.8it/s 5:15<2:10[K      1/100      6.56G      1.404       1.24   0.005448         39        640: 62% ━━━━━━━───── 809/1298 4.3it/s 5:15<1:54[K      1/100      6.56G      1.404      1.239   0.005448         52        640: 62% ━━━━━━━───── 810/1298 3.8it/s 5:15<2:10[K      1/100      6.56G      1.403      1.239   0.005445         33        640: 62% ━━━━━━━───── 811/1298 4.3it/s 5:16<1:54[K      1/100      6.56G      1.403      1.239   0.005443         45        640: 62% ━━━━━━━╸──── 812/1298 3.8it/s 5:16<2:09[K      1/100      6.56G      1.403      1.238   0.005444         41        640: 62% ━━━━━━━╸──── 813/1298 4.3it/s 5:16<1:53[K      1/100      6.56G      1.402      1.238   0.005442         34        640: 62% ━━━━━━━╸──── 814/1298 3.8it/s 5:16<2:08[K      1/100      6.56G      1.403      1.238   0.005442         36        640: 62% ━━━━━━━╸──── 815/1298 4.3it/s 5:17<1:53[K      1/100      6.56G      1.403      1.238   0.005441         33        640: 62% ━━━━━━━╸──── 816/1298 3.8it/s 5:17<2:08[K      1/100      6.56G      1.403      1.237   0.005443         43        640: 62% ━━━━━━━╸──── 817/1298 4.3it/s 5:17<1:53[K      1/100      6.56G      1.403      1.237   0.005443         41        640: 63% ━━━━━━━╸──── 818/1298 3.8it/s 5:18<2:08[K      1/100      6.56G      1.403      1.237   0.005443         31        640: 63% ━━━━━━━╸──── 819/1298 4.3it/s 5:18<1:52[K      1/100      6.56G      1.403      1.237   0.005442         48        640: 63% ━━━━━━━╸──── 820/1298 3.7it/s 5:18<2:08[K      1/100      6.56G      1.403      1.237   0.005443         37        640: 63% ━━━━━━━╸──── 821/1298 4.1it/s 5:18<1:56[K      1/100      6.56G      1.403      1.236   0.005442         40        640: 63% ━━━━━━━╸──── 822/1298 3.6it/s 5:19<2:11[K      1/100      6.56G      1.403      1.235   0.005441         33        640: 63% ━━━━━━━╸──── 823/1298 4.2it/s 5:19<1:53[K      1/100      6.56G      1.403      1.235   0.005439         34        640: 63% ━━━━━━━╸──── 824/1298 3.7it/s 5:19<2:08[K      1/100      6.56G      1.402      1.235    0.00544         15        640: 63% ━━━━━━━╸──── 825/1298 4.2it/s 5:20<1:53[K      1/100      6.56G      1.402      1.234   0.005439         45        640: 63% ━━━━━━━╸──── 826/1298 3.7it/s 5:20<2:08[K      1/100      6.56G      1.402      1.234   0.005438         28        640: 63% ━━━━━━━╸──── 827/1298 4.2it/s 5:20<1:51[K      1/100      6.56G      1.402      1.233   0.005438         42        640: 63% ━━━━━━━╸──── 828/1298 3.7it/s 5:21<2:06[K      1/100      6.56G      1.401      1.233   0.005438         29        640: 63% ━━━━━━━╸──── 829/1298 4.2it/s 5:21<1:51[K      1/100      6.56G      1.401      1.232   0.005436         32        640: 63% ━━━━━━━╸──── 830/1298 3.7it/s 5:21<2:06[K      1/100      6.56G      1.401      1.232   0.005434         43        640: 64% ━━━━━━━╸──── 831/1298 4.2it/s 5:21<1:50[K      1/100      6.56G      1.401      1.233   0.005436         24        640: 64% ━━━━━━━╸──── 832/1298 3.7it/s 5:22<2:05[K      1/100      6.56G      1.401      1.232   0.005434         28        640: 64% ━━━━━━━╸──── 833/1298 4.2it/s 5:22<1:50[K      1/100      6.56G      1.401      1.232   0.005433         45        640: 64% ━━━━━━━╸──── 834/1298 3.7it/s 5:22<2:04[K      1/100      6.56G      1.401      1.232   0.005433         31        640: 64% ━━━━━━━╸──── 835/1298 4.3it/s 5:22<1:48[K      1/100      6.56G        1.4      1.231   0.005431         37        640: 64% ━━━━━━━╸──── 836/1298 3.8it/s 5:23<2:03[K      1/100      6.56G        1.4      1.231   0.005431         32        640: 64% ━━━━━━━╸──── 837/1298 4.3it/s 5:23<1:47[K      1/100      6.56G        1.4       1.23   0.005429         64        640: 64% ━━━━━━━╸──── 838/1298 3.8it/s 5:23<2:01[K      1/100      6.56G        1.4       1.23   0.005428         40        640: 64% ━━━━━━━╸──── 839/1298 4.4it/s 5:24<1:45[K      1/100      6.56G      1.399       1.23   0.005427         32        640: 64% ━━━━━━━╸──── 840/1298 3.8it/s 5:24<2:00[K      1/100      6.56G      1.399      1.229   0.005425         40        640: 64% ━━━━━━━╸──── 841/1298 4.3it/s 5:24<1:46[K      1/100      6.56G      1.399      1.229   0.005424         29        640: 64% ━━━━━━━╸──── 842/1298 3.8it/s 5:25<2:00[K      1/100      6.56G      1.399      1.229   0.005424         29        640: 64% ━━━━━━━╸──── 843/1298 4.3it/s 5:25<1:45[K      1/100      6.56G      1.399      1.229   0.005423         45        640: 65% ━━━━━━━╸──── 844/1298 3.8it/s 5:25<1:60[K      1/100      6.56G      1.399      1.229   0.005425         33        640: 65% ━━━━━━━╸──── 845/1298 4.3it/s 5:25<1:46[K      1/100      6.56G      1.398      1.228   0.005424         43        640: 65% ━━━━━━━╸──── 846/1298 3.8it/s 5:26<2:00[K      1/100      6.56G      1.398      1.228   0.005424         44        640: 65% ━━━━━━━╸──── 847/1298 4.3it/s 5:26<1:45[K      1/100      6.56G      1.398      1.228   0.005423         42        640: 65% ━━━━━━━╸──── 848/1298 3.7it/s 5:26<2:00[K      1/100      6.56G      1.398      1.227   0.005421         43        640: 65% ━━━━━━━╸──── 849/1298 4.2it/s 5:26<1:46[K      1/100      6.56G      1.398      1.227    0.00542         41        640: 65% ━━━━━━━╸──── 850/1298 3.8it/s 5:27<1:59[K      1/100      6.56G      1.398      1.227   0.005419         47        640: 65% ━━━━━━━╸──── 851/1298 4.3it/s 5:27<1:44[K      1/100      6.56G      1.398      1.226   0.005418         36        640: 65% ━━━━━━━╸──── 852/1298 3.8it/s 5:27<1:58[K      1/100      6.56G      1.398      1.226   0.005415         44        640: 65% ━━━━━━━╸──── 853/1298 4.3it/s 5:28<1:42[K      1/100      6.56G      1.398      1.226   0.005415         41        640: 65% ━━━━━━━╸──── 854/1298 3.8it/s 5:28<1:56[K      1/100      6.56G      1.397      1.225   0.005412         38        640: 65% ━━━━━━━╸──── 855/1298 4.4it/s 5:28<1:41[K      1/100      6.56G      1.397      1.225   0.005411         50        640: 65% ━━━━━━━╸──── 856/1298 3.8it/s 5:29<1:55[K      1/100      6.56G      1.397      1.224    0.00541         45        640: 66% ━━━━━━━╸──── 857/1298 4.4it/s 5:29<1:41[K      1/100      6.56G      1.397      1.224   0.005411         39        640: 66% ━━━━━━━╸──── 858/1298 3.8it/s 5:29<1:55[K      1/100      6.56G      1.396      1.224    0.00541         39        640: 66% ━━━━━━━╸──── 859/1298 4.4it/s 5:29<1:40[K      1/100      6.56G      1.396      1.223   0.005409         40        640: 66% ━━━━━━━╸──── 860/1298 3.8it/s 5:30<1:54[K      1/100      6.56G      1.396      1.223   0.005409         33        640: 66% ━━━━━━━╸──── 861/1298 4.3it/s 5:30<1:41[K      1/100      6.56G      1.395      1.222   0.005407         44        640: 66% ━━━━━━━╸──── 862/1298 3.8it/s 5:30<1:55[K      1/100      6.56G      1.395      1.222   0.005405         42        640: 66% ━━━━━━━╸──── 863/1298 4.3it/s 5:30<1:40[K      1/100      6.56G      1.395      1.222   0.005404         38        640: 66% ━━━━━━━╸──── 864/1298 3.8it/s 5:31<1:55[K      1/100      6.56G      1.395      1.221   0.005402         63        640: 66% ━━━━━━━╸──── 865/1298 4.3it/s 5:31<1:41[K      1/100      6.56G      1.394      1.221   0.005402         27        640: 66% ━━━━━━━━──── 866/1298 3.8it/s 5:31<1:54[K      1/100      6.56G      1.394      1.221   0.005401         35        640: 66% ━━━━━━━━──── 867/1298 4.3it/s 5:32<1:39[K      1/100      6.56G      1.394       1.22   0.005401         34        640: 66% ━━━━━━━━──── 868/1298 3.8it/s 5:32<1:53[K      1/100      6.56G      1.394       1.22     0.0054         34        640: 66% ━━━━━━━━──── 869/1298 4.4it/s 5:32<1:39[K      1/100      6.56G      1.394      1.219     0.0054         51        640: 67% ━━━━━━━━──── 870/1298 3.8it/s 5:33<1:52[K      1/100      6.56G      1.394      1.219     0.0054         30        640: 67% ━━━━━━━━──── 871/1298 4.4it/s 5:33<1:38[K      1/100      6.56G      1.394      1.219   0.005398         37        640: 67% ━━━━━━━━──── 872/1298 3.8it/s 5:33<1:52[K      1/100      6.56G      1.394      1.219   0.005397         50        640: 67% ━━━━━━━━──── 873/1298 4.3it/s 5:33<1:39[K      1/100      6.56G      1.394      1.218   0.005397         36        640: 67% ━━━━━━━━──── 874/1298 3.8it/s 5:34<1:52[K      1/100      6.56G      1.394      1.218   0.005397         48        640: 67% ━━━━━━━━──── 875/1298 4.3it/s 5:34<1:37[K      1/100      6.56G      1.394      1.218   0.005399         51        640: 67% ━━━━━━━━──── 876/1298 3.8it/s 5:34<1:51[K      1/100      6.56G      1.394      1.218   0.005397         41        640: 67% ━━━━━━━━──── 877/1298 4.3it/s 5:34<1:37[K      1/100      6.56G      1.394      1.217   0.005395         46        640: 67% ━━━━━━━━──── 878/1298 3.8it/s 5:35<1:50[K      1/100      6.56G      1.394      1.217   0.005396         23        640: 67% ━━━━━━━━──── 879/1298 4.4it/s 5:35<1:36[K      1/100      6.56G      1.393      1.217   0.005395         35        640: 67% ━━━━━━━━──── 880/1298 3.8it/s 5:35<1:49[K      1/100      6.56G      1.393      1.217   0.005393         42        640: 67% ━━━━━━━━──── 881/1298 4.3it/s 5:36<1:38[K      1/100      6.56G      1.393      1.216   0.005393         38        640: 67% ━━━━━━━━──── 882/1298 3.7it/s 5:36<1:51[K      1/100      6.56G      1.393      1.216   0.005394         42        640: 68% ━━━━━━━━──── 883/1298 4.2it/s 5:36<1:38[K      1/100      6.56G      1.393      1.216   0.005392         44        640: 68% ━━━━━━━━──── 884/1298 3.7it/s 5:37<1:51[K      1/100      6.56G      1.393      1.215   0.005391         41        640: 68% ━━━━━━━━──── 885/1298 4.2it/s 5:37<1:37[K      1/100      6.56G      1.393      1.215    0.00539         23        640: 68% ━━━━━━━━──── 886/1298 3.7it/s 5:37<1:50[K      1/100      6.56G      1.393      1.215   0.005387         36        640: 68% ━━━━━━━━──── 887/1298 4.3it/s 5:37<1:37[K      1/100      6.56G      1.392      1.214   0.005386         39        640: 68% ━━━━━━━━──── 888/1298 3.7it/s 5:38<1:50[K      1/100      6.56G      1.392      1.214   0.005387         35        640: 68% ━━━━━━━━──── 889/1298 4.2it/s 5:38<1:37[K      1/100      6.56G      1.392      1.214   0.005386         41        640: 68% ━━━━━━━━──── 890/1298 3.7it/s 5:38<1:49[K      1/100      6.56G      1.392      1.213   0.005386         37        640: 68% ━━━━━━━━──── 891/1298 4.3it/s 5:38<1:35[K      1/100      6.56G      1.392      1.213   0.005385         43        640: 68% ━━━━━━━━──── 892/1298 3.7it/s 5:39<1:48[K      1/100      6.56G      1.392      1.213   0.005385         28        640: 68% ━━━━━━━━──── 893/1298 4.3it/s 5:39<1:35[K      1/100      6.56G      1.392      1.212   0.005385         35        640: 68% ━━━━━━━━──── 894/1298 3.8it/s 5:39<1:47[K      1/100      6.56G      1.392      1.212   0.005386         23        640: 68% ━━━━━━━━──── 895/1298 4.3it/s 5:40<1:34[K      1/100      6.56G      1.392      1.212   0.005385         51        640: 69% ━━━━━━━━──── 896/1298 3.8it/s 5:40<1:47[K      1/100      6.56G      1.391      1.211   0.005384         41        640: 69% ━━━━━━━━──── 897/1298 4.3it/s 5:40<1:34[K      1/100      6.56G      1.391      1.211   0.005382         35        640: 69% ━━━━━━━━──── 898/1298 3.8it/s 5:41<1:47[K      1/100      6.56G      1.391      1.211   0.005381         38        640: 69% ━━━━━━━━──── 899/1298 4.3it/s 5:41<1:33[K      1/100      6.56G      1.391      1.211    0.00538         39        640: 69% ━━━━━━━━──── 900/1298 3.7it/s 5:41<1:46[K      1/100      6.56G      1.391       1.21   0.005379         44        640: 69% ━━━━━━━━──── 901/1298 4.3it/s 5:41<1:33[K      1/100      6.56G      1.391       1.21   0.005378         48        640: 69% ━━━━━━━━──── 902/1298 3.7it/s 5:42<1:46[K      1/100      6.56G      1.391       1.21   0.005378         46        640: 69% ━━━━━━━━──── 903/1298 4.3it/s 5:42<1:32[K      1/100      6.56G      1.391       1.21   0.005377         30        640: 69% ━━━━━━━━──── 904/1298 3.8it/s 5:42<1:44[K      1/100      6.56G      1.391      1.209   0.005375         38        640: 69% ━━━━━━━━──── 905/1298 4.3it/s 5:42<1:32[K      1/100      6.56G      1.391      1.209   0.005373         32        640: 69% ━━━━━━━━──── 906/1298 3.8it/s 5:43<1:44[K      1/100      6.56G      1.391      1.209   0.005373         34        640: 69% ━━━━━━━━──── 907/1298 4.3it/s 5:43<1:30[K      1/100      6.56G       1.39      1.209   0.005371         43        640: 69% ━━━━━━━━──── 908/1298 3.8it/s 5:43<1:43[K      1/100      6.56G       1.39      1.208   0.005369         41        640: 70% ━━━━━━━━──── 909/1298 4.3it/s 5:44<1:30[K      1/100      6.56G       1.39      1.208   0.005368         42        640: 70% ━━━━━━━━──── 910/1298 3.8it/s 5:44<1:42[K      1/100      6.56G      1.389      1.207   0.005367         27        640: 70% ━━━━━━━━──── 911/1298 4.3it/s 5:44<1:29[K      1/100      6.56G      1.389      1.207   0.005367         38        640: 70% ━━━━━━━━──── 912/1298 3.8it/s 5:45<1:42[K      1/100      6.56G      1.389      1.206   0.005365         26        640: 70% ━━━━━━━━──── 913/1298 4.3it/s 5:45<1:29[K      1/100      6.56G      1.389      1.206   0.005364         50        640: 70% ━━━━━━━━──── 914/1298 3.8it/s 5:45<1:41[K      1/100      6.56G      1.389      1.206   0.005364         45        640: 70% ━━━━━━━━──── 915/1298 4.3it/s 5:45<1:28[K      1/100      6.56G      1.389      1.206   0.005363         41        640: 70% ━━━━━━━━──── 916/1298 3.8it/s 5:46<1:40[K      1/100      6.56G      1.389      1.206   0.005361         39        640: 70% ━━━━━━━━──── 917/1298 4.3it/s 5:46<1:28[K      1/100      6.56G      1.388      1.205    0.00536         44        640: 70% ━━━━━━━━──── 918/1298 3.8it/s 5:46<1:39[K      1/100      6.56G      1.388      1.205   0.005359         36        640: 70% ━━━━━━━━──── 919/1298 4.3it/s 5:46<1:28[K      1/100      6.56G      1.388      1.205   0.005359         38        640: 70% ━━━━━━━━╸─── 920/1298 3.8it/s 5:47<1:40[K      1/100      6.56G      1.388      1.204   0.005358         50        640: 70% ━━━━━━━━╸─── 921/1298 4.3it/s 5:47<1:28[K      1/100      6.56G      1.388      1.204   0.005356         40        640: 71% ━━━━━━━━╸─── 922/1298 3.8it/s 5:47<1:39[K      1/100      6.56G      1.388      1.203   0.005356         29        640: 71% ━━━━━━━━╸─── 923/1298 4.3it/s 5:48<1:27[K      1/100      6.56G      1.388      1.203   0.005355         55        640: 71% ━━━━━━━━╸─── 924/1298 3.8it/s 5:48<1:39[K      1/100      6.56G      1.388      1.203   0.005354         39        640: 71% ━━━━━━━━╸─── 925/1298 4.3it/s 5:48<1:27[K      1/100      6.56G      1.388      1.202   0.005352         45        640: 71% ━━━━━━━━╸─── 926/1298 3.8it/s 5:49<1:38[K      1/100      6.56G      1.387      1.202   0.005353         38        640: 71% ━━━━━━━━╸─── 927/1298 4.3it/s 5:49<1:25[K      1/100      6.56G      1.387      1.202   0.005353         44        640: 71% ━━━━━━━━╸─── 928/1298 3.8it/s 5:49<1:37[K      1/100      6.56G      1.387      1.201    0.00535         38        640: 71% ━━━━━━━━╸─── 929/1298 4.4it/s 5:49<1:25[K      1/100      6.56G      1.387      1.201    0.00535         35        640: 71% ━━━━━━━━╸─── 930/1298 3.8it/s 5:50<1:36[K      1/100      6.56G      1.387      1.201    0.00535         39        640: 71% ━━━━━━━━╸─── 931/1298 4.4it/s 5:50<1:24[K      1/100      6.56G      1.387        1.2   0.005348         36        640: 71% ━━━━━━━━╸─── 932/1298 3.8it/s 5:50<1:36[K      1/100      6.56G      1.387        1.2   0.005347         33        640: 71% ━━━━━━━━╸─── 933/1298 4.3it/s 5:50<1:24[K      1/100      6.56G      1.386        1.2   0.005346         40        640: 71% ━━━━━━━━╸─── 934/1298 3.8it/s 5:51<1:35[K      1/100      6.56G      1.387        1.2   0.005349         28        640: 72% ━━━━━━━━╸─── 935/1298 4.4it/s 5:51<1:23[K      1/100      6.56G      1.387      1.199   0.005347         46        640: 72% ━━━━━━━━╸─── 936/1298 3.8it/s 5:51<1:35[K      1/100      6.56G      1.386      1.199   0.005347         30        640: 72% ━━━━━━━━╸─── 937/1298 4.3it/s 5:52<1:24[K      1/100      6.56G      1.386      1.198   0.005345         31        640: 72% ━━━━━━━━╸─── 938/1298 3.8it/s 5:52<1:35[K      1/100      6.56G      1.386      1.198   0.005346         36        640: 72% ━━━━━━━━╸─── 939/1298 4.3it/s 5:52<1:24[K      1/100      6.56G      1.386      1.198   0.005345         36        640: 72% ━━━━━━━━╸─── 940/1298 3.8it/s 5:53<1:35[K      1/100      6.56G      1.386      1.197   0.005344         35        640: 72% ━━━━━━━━╸─── 941/1298 4.3it/s 5:53<1:24[K      1/100      6.56G      1.385      1.197   0.005343         46        640: 72% ━━━━━━━━╸─── 942/1298 3.8it/s 5:53<1:35[K      1/100      6.56G      1.385      1.197   0.005342         45        640: 72% ━━━━━━━━╸─── 943/1298 4.3it/s 5:53<1:23[K      1/100      6.56G      1.385      1.196   0.005341         35        640: 72% ━━━━━━━━╸─── 944/1298 3.8it/s 5:54<1:34[K      1/100      6.56G      1.385      1.196    0.00534         34        640: 72% ━━━━━━━━╸─── 945/1298 4.3it/s 5:54<1:23[K      1/100      6.56G      1.385      1.195   0.005339         47        640: 72% ━━━━━━━━╸─── 946/1298 3.8it/s 5:54<1:34[K      1/100      6.56G      1.384      1.195   0.005337         40        640: 72% ━━━━━━━━╸─── 947/1298 4.3it/s 5:54<1:22[K      1/100      6.56G      1.384      1.194   0.005336         44        640: 73% ━━━━━━━━╸─── 948/1298 3.7it/s 5:55<1:33[K      1/100      6.56G      1.384      1.194   0.005334         29        640: 73% ━━━━━━━━╸─── 949/1298 4.3it/s 5:55<1:22[K      1/100      6.56G      1.384      1.194   0.005333         46        640: 73% ━━━━━━━━╸─── 950/1298 3.8it/s 5:55<1:33[K      1/100      6.56G      1.383      1.193   0.005331         33        640: 73% ━━━━━━━━╸─── 951/1298 4.3it/s 5:56<1:21[K      1/100      6.56G      1.383      1.193    0.00533         35        640: 73% ━━━━━━━━╸─── 952/1298 3.8it/s 5:56<1:32[K      1/100      6.56G      1.383      1.193   0.005329         39        640: 73% ━━━━━━━━╸─── 953/1298 4.3it/s 5:56<1:21[K      1/100      6.56G      1.383      1.193    0.00533         42        640: 73% ━━━━━━━━╸─── 954/1298 3.7it/s 5:57<1:32[K      1/100      6.56G      1.383      1.193   0.005329         35        640: 73% ━━━━━━━━╸─── 955/1298 4.3it/s 5:57<1:20[K      1/100      6.56G      1.383      1.192   0.005328         44        640: 73% ━━━━━━━━╸─── 956/1298 3.8it/s 5:57<1:31[K      1/100      6.56G      1.383      1.192   0.005327         27        640: 73% ━━━━━━━━╸─── 957/1298 4.3it/s 5:57<1:20[K      1/100      6.56G      1.383      1.192   0.005328         39        640: 73% ━━━━━━━━╸─── 958/1298 3.8it/s 5:58<1:31[K      1/100      6.56G      1.383      1.192   0.005327         39        640: 73% ━━━━━━━━╸─── 959/1298 4.3it/s 5:58<1:19[K      1/100      6.56G      1.383      1.191   0.005325         25        640: 73% ━━━━━━━━╸─── 960/1298 3.8it/s 5:58<1:30[K      1/100      6.56G      1.382      1.191   0.005325         31        640: 74% ━━━━━━━━╸─── 961/1298 4.3it/s 5:58<1:19[K      1/100      6.56G      1.383      1.191   0.005324         33        640: 74% ━━━━━━━━╸─── 962/1298 3.8it/s 5:59<1:29[K      1/100      6.56G      1.382      1.191   0.005322         20        640: 74% ━━━━━━━━╸─── 963/1298 4.3it/s 5:59<1:17[K      1/100      6.56G      1.382       1.19   0.005321         41        640: 74% ━━━━━━━━╸─── 964/1298 3.8it/s 5:59<1:28[K      1/100      6.56G      1.382      1.191   0.005321         35        640: 74% ━━━━━━━━╸─── 965/1298 4.2it/s 5:60<1:19[K      1/100      6.56G      1.382      1.191   0.005323         25        640: 74% ━━━━━━━━╸─── 966/1298 3.7it/s 6:00<1:30[K      1/100      6.56G      1.382      1.191   0.005322         29        640: 74% ━━━━━━━━╸─── 967/1298 4.2it/s 6:00<1:18[K      1/100      6.56G      1.382       1.19   0.005322         56        640: 74% ━━━━━━━━╸─── 968/1298 3.7it/s 6:01<1:28[K      1/100      6.56G      1.382       1.19    0.00532         43        640: 74% ━━━━━━━━╸─── 969/1298 4.3it/s 6:01<1:17[K      1/100      6.56G      1.382       1.19    0.00532         27        640: 74% ━━━━━━━━╸─── 970/1298 3.7it/s 6:01<1:27[K      1/100      6.56G      1.381       1.19   0.005318         25        640: 74% ━━━━━━━━╸─── 971/1298 4.3it/s 6:01<1:17[K      1/100      6.56G      1.381      1.189   0.005316         29        640: 74% ━━━━━━━━╸─── 972/1298 3.7it/s 6:02<1:27[K      1/100      6.56G      1.381      1.189   0.005315         32        640: 74% ━━━━━━━━╸─── 973/1298 4.3it/s 6:02<1:16[K      1/100      6.56G      1.381      1.189   0.005314         37        640: 75% ━━━━━━━━━─── 974/1298 3.8it/s 6:02<1:26[K      1/100      6.56G      1.381      1.188   0.005313         53        640: 75% ━━━━━━━━━─── 975/1298 4.3it/s 6:02<1:15[K      1/100      6.56G       1.38      1.188   0.005311         38        640: 75% ━━━━━━━━━─── 976/1298 3.8it/s 6:03<1:25[K      1/100      6.56G       1.38      1.187    0.00531         45        640: 75% ━━━━━━━━━─── 977/1298 4.3it/s 6:03<1:14[K      1/100      6.56G      1.381      1.187   0.005311         33        640: 75% ━━━━━━━━━─── 978/1298 3.8it/s 6:03<1:24[K      1/100      6.56G       1.38      1.187    0.00531         28        640: 75% ━━━━━━━━━─── 979/1298 4.3it/s 6:04<1:14[K      1/100      6.56G       1.38      1.187    0.00531         34        640: 75% ━━━━━━━━━─── 980/1298 3.8it/s 6:04<1:24[K      1/100      6.56G       1.38      1.187   0.005308         52        640: 75% ━━━━━━━━━─── 981/1298 4.3it/s 6:04<1:14[K      1/100      6.56G       1.38      1.187   0.005308         33        640: 75% ━━━━━━━━━─── 982/1298 3.8it/s 6:05<1:24[K      1/100      6.56G       1.38      1.187   0.005307         37        640: 75% ━━━━━━━━━─── 983/1298 4.3it/s 6:05<1:13[K      1/100      6.56G       1.38      1.186   0.005307         44        640: 75% ━━━━━━━━━─── 984/1298 3.8it/s 6:05<1:23[K      1/100      6.56G       1.38      1.186   0.005306         63        640: 75% ━━━━━━━━━─── 985/1298 4.3it/s 6:05<1:13[K      1/100      6.56G       1.38      1.186   0.005304         34        640: 75% ━━━━━━━━━─── 986/1298 3.8it/s 6:06<1:23[K      1/100      6.56G       1.38      1.186   0.005304         45        640: 76% ━━━━━━━━━─── 987/1298 4.3it/s 6:06<1:12scripts/train/qat_run.sh: line 84: 3253496 Killed                  DEVICE="$DEVICE" EPOCHS="$EPOCHS" RUN_NAME="$RUN_NAME" PROJECT="$SCRATCH" "$PY" -u "$TRAIN_SCRIPT"
[2026-08-19 12:37:00] copy-back (exit code 137)
[2026-08-19 12:37:00]   saved args.yaml (4.0K)
[2026-08-19 12:37:00] durable artifacts now in experiments/week8_frozen_qat/qat0:
             4096  .
             4096  ..
             1796  args.yaml
             236527  train.log
